university_name,subject,duration,tuition_fees,application_fees,exams_accepted,university_type,location,country,year_of_establish,university_website,IELTS,TOEFL,PTE,GRE,GMAT,SAT
QUEST INTERNATIONAL UNIVERSITY PERAK,Master of Business Management (MBA),,AUD,,IELTS,Private,"Plaza Teh Teng Seng, 227, Jalan Raja Permaisuri Bainun, 30250 Ipoh, Negeri Perak, Malaysia ,  Perak",Malaysia,2008,  http://www.qiup.edu.my/,Yes,No,No,No,No,No
QUEST INTERNATIONAL UNIVERSITY PERAK,N/A,N/A,N/A,N/A,N/A,Private,"Plaza Teh Teng Seng, 227, Jalan Raja Permaisuri Bainun, 30250 Ipoh, Negeri Perak, Malaysia ,  Perak",Malaysia,2008,  http://www.qiup.edu.my/,No,No,No,No,No,No
QUEST INTERNATIONAL UNIVERSITY PERAK,N/A,N/A,N/A,N/A,N/A,Private,"Plaza Teh Teng Seng, 227, Jalan Raja Permaisuri Bainun, 30250 Ipoh, Negeri Perak, Malaysia ,  Perak",Malaysia,2008,  http://www.qiup.edu.my/,No,No,No,No,No,No
HELP UNIVERSITY,Bachelor (Hons) in Early Childhood Education,36 Months,MYR,,,Established : 1986,"Jalan Semantan, Bukit Damansara, 50490 Kuala Lumpur, Wilayah Persekutuan Kuala Lumpur, Malaysia ,  Johor",Malaysia,N/A,  http://www.help.edu.my/,No,No,No,No,No,No
HELP UNIVERSITY,Master of Business Administration,1 Year,MYR 22400,,"IELTS , TOEFL",Established : 1986,"Jalan Semantan, Bukit Damansara, 50490 Kuala Lumpur, Wilayah Persekutuan Kuala Lumpur, Malaysia ,  Johor",Malaysia,N/A,  http://www.help.edu.my/,Yes,Yes,No,No,No,No
HELP UNIVERSITY,Master of Accounting and Finance,1.5 Year,MYR 20000,,"IELTS , TOEFL",Established : 1986,"Jalan Semantan, Bukit Damansara, 50490 Kuala Lumpur, Wilayah Persekutuan Kuala Lumpur, Malaysia ,  Johor",Malaysia,N/A,  http://www.help.edu.my/,Yes,Yes,No,No,No,No
HELP UNIVERSITY,Master of Project Management,1.5 Year,MYR 22400,,"IELTS , TOEFL",Established : 1986,"Jalan Semantan, Bukit Damansara, 50490 Kuala Lumpur, Wilayah Persekutuan Kuala Lumpur, Malaysia ,  Johor",Malaysia,N/A,  http://www.help.edu.my/,Yes,Yes,No,No,No,No
HELP UNIVERSITY,Masters in Counselling,1.5 Year,MYR 20000,,"IELTS , TOEFL",Established : 1986,"Jalan Semantan, Bukit Damansara, 50490 Kuala Lumpur, Wilayah Persekutuan Kuala Lumpur, Malaysia ,  Johor",Malaysia,N/A,  http://www.help.edu.my/,Yes,Yes,No,No,No,No
HELP UNIVERSITY,Diploma in information technology,2 Year,MYR 11200,,,Established : 1986,"Jalan Semantan, Bukit Damansara, 50490 Kuala Lumpur, Wilayah Persekutuan Kuala Lumpur, Malaysia ,  Johor",Malaysia,N/A,  http://www.help.edu.my/,No,No,No,No,No,No
HELP UNIVERSITY,Master of Executive Management,2 Year,MYR 22400,,"IELTS , TOEFL",Established : 1986,"Jalan Semantan, Bukit Damansara, 50490 Kuala Lumpur, Wilayah Persekutuan Kuala Lumpur, Malaysia ,  Johor",Malaysia,N/A,  http://www.help.edu.my/,Yes,Yes,No,No,No,No
HELP UNIVERSITY,Diploma in Business,2 Year,MYR 18100,,"IELTS , TOEFL",Established : 1986,"Jalan Semantan, Bukit Damansara, 50490 Kuala Lumpur, Wilayah Persekutuan Kuala Lumpur, Malaysia ,  Johor",Malaysia,N/A,  http://www.help.edu.my/,Yes,Yes,No,No,No,No
HELP UNIVERSITY,Bachelor of Communication (Hons) (Media Studies),3 Year,MYR 23400,,"IELTS , TOEFL",Established : 1986,"Jalan Semantan, Bukit Damansara, 50490 Kuala Lumpur, Wilayah Persekutuan Kuala Lumpur, Malaysia ,  Johor",Malaysia,N/A,  http://www.help.edu.my/,Yes,Yes,No,No,No,No
HELP UNIVERSITY,Bachelor of Management (Hons),3 Year,MYR 22500,,"IELTS , TOEFL",Established : 1986,"Jalan Semantan, Bukit Damansara, 50490 Kuala Lumpur, Wilayah Persekutuan Kuala Lumpur, Malaysia ,  Johor",Malaysia,N/A,  http://www.help.edu.my/,Yes,Yes,No,No,No,No
HELP UNIVERSITY,Bachelor of Economics (Hons),3 Year,MYR 19000,,"IELTS , TOEFL",Established : 1986,"Jalan Semantan, Bukit Damansara, 50490 Kuala Lumpur, Wilayah Persekutuan Kuala Lumpur, Malaysia ,  Johor",Malaysia,N/A,  http://www.help.edu.my/,Yes,Yes,No,No,No,No
HELP UNIVERSITY,Bachelor of Business (Marketing) (Hons),3 Year,MYR 24200,,"IELTS , TOEFL",Established : 1986,"Jalan Semantan, Bukit Damansara, 50490 Kuala Lumpur, Wilayah Persekutuan Kuala Lumpur, Malaysia ,  Johor",Malaysia,N/A,  http://www.help.edu.my/,Yes,Yes,No,No,No,No
HELP UNIVERSITY,Bachelor of Information Technology (Hons) Mobile...,3 Year,MYR 18900,,"IELTS , TOEFL",Established : 1986,"Jalan Semantan, Bukit Damansara, 50490 Kuala Lumpur, Wilayah Persekutuan Kuala Lumpur, Malaysia ,  Johor",Malaysia,N/A,  http://www.help.edu.my/,Yes,Yes,No,No,No,No
HELP UNIVERSITY,Bachelor of Information Technology (Hons),3 Year,MYR 18900,,,Established : 1986,"Jalan Semantan, Bukit Damansara, 50490 Kuala Lumpur, Wilayah Persekutuan Kuala Lumpur, Malaysia ,  Johor",Malaysia,N/A,  http://www.help.edu.my/,No,No,No,No,No,No
HELP UNIVERSITY,Bachelor of Psychology (Hons),3 Year,MYR 26900,,"IELTS , TOEFL",Established : 1986,"Jalan Semantan, Bukit Damansara, 50490 Kuala Lumpur, Wilayah Persekutuan Kuala Lumpur, Malaysia ,  Johor",Malaysia,N/A,  http://www.help.edu.my/,Yes,Yes,No,No,No,No
HELP UNIVERSITY,Bachelor of Arts in Communication,3 Year,MYR 58300,,,Established : 1986,"Jalan Semantan, Bukit Damansara, 50490 Kuala Lumpur, Wilayah Persekutuan Kuala Lumpur, Malaysia ,  Johor",Malaysia,N/A,  http://www.help.edu.my/,No,No,No,No,No,No
HELP UNIVERSITY,Bachelor of Computer Science (Hons) Games & ...,3 Year,MYR 18900,,"IELTS , TOEFL",Established : 1986,"Jalan Semantan, Bukit Damansara, 50490 Kuala Lumpur, Wilayah Persekutuan Kuala Lumpur, Malaysia ,  Johor",Malaysia,N/A,  http://www.help.edu.my/,Yes,Yes,No,No,No,No
HELP UNIVERSITY,Bachelor of Communication (Hons) (Public Relatio...,3 Year,MYR 23400,,"IELTS , TOEFL",Established : 1986,"Jalan Semantan, Bukit Damansara, 50490 Kuala Lumpur, Wilayah Persekutuan Kuala Lumpur, Malaysia ,  Johor",Malaysia,N/A,  http://www.help.edu.my/,Yes,Yes,No,No,No,No
HELP UNIVERSITY,Bachelor of Tourism Management (Hons),3 Year,MYR 22300,,"IELTS , TOEFL",Established : 1986,"Jalan Semantan, Bukit Damansara, 50490 Kuala Lumpur, Wilayah Persekutuan Kuala Lumpur, Malaysia ,  Johor",Malaysia,N/A,  http://www.help.edu.my/,Yes,Yes,No,No,No,No
HELP UNIVERSITY,Bachelor of Business (2+1) with University of Qu...,3 Year,MYR,,,Established : 1986,"Jalan Semantan, Bukit Damansara, 50490 Kuala Lumpur, Wilayah Persekutuan Kuala Lumpur, Malaysia ,  Johor",Malaysia,N/A,  http://www.help.edu.my/,No,No,No,No,No,No
HELP UNIVERSITY,Bachelor of Business (Accounting) (Hons),3 Year,MYR 24200,,,Established : 1986,"Jalan Semantan, Bukit Damansara, 50490 Kuala Lumpur, Wilayah Persekutuan Kuala Lumpur, Malaysia ,  Johor",Malaysia,N/A,  http://www.help.edu.my/,No,No,No,No,No,No
HELP UNIVERSITY,Bachelor of Business (Entrepreneurship) (Hons),3 Year,MYR 22500,,"IELTS , TOEFL",Established : 1986,"Jalan Semantan, Bukit Damansara, 50490 Kuala Lumpur, Wilayah Persekutuan Kuala Lumpur, Malaysia ,  Johor",Malaysia,N/A,  http://www.help.edu.my/,Yes,Yes,No,No,No,No
HELP UNIVERSITY,Bachelor of Business (Finance) (Hons),3 Year,MYR 24200,,,Established : 1986,"Jalan Semantan, Bukit Damansara, 50490 Kuala Lumpur, Wilayah Persekutuan Kuala Lumpur, Malaysia ,  Johor",Malaysia,N/A,  http://www.help.edu.my/,No,No,No,No,No,No
HELP UNIVERSITY,Bachelor of Business (Hons) in Hospitality Manag...,3 Year,MYR,,,Established : 1986,"Jalan Semantan, Bukit Damansara, 50490 Kuala Lumpur, Wilayah Persekutuan Kuala Lumpur, Malaysia ,  Johor",Malaysia,N/A,  http://www.help.edu.my/,No,No,No,No,No,No
HELP UNIVERSITY,BSc Banking & Finance (Hons),3 Year,MYR 19000,,"IELTS , TOEFL",Established : 1986,"Jalan Semantan, Bukit Damansara, 50490 Kuala Lumpur, Wilayah Persekutuan Kuala Lumpur, Malaysia ,  Johor",Malaysia,N/A,  http://www.help.edu.my/,Yes,Yes,No,No,No,No
HELP UNIVERSITY,Bachelor of Business (Human Resource Management)...,3 Year,MYR 24200,,"IELTS , TOEFL",Established : 1986,"Jalan Semantan, Bukit Damansara, 50490 Kuala Lumpur, Wilayah Persekutuan Kuala Lumpur, Malaysia ,  Johor",Malaysia,N/A,  http://www.help.edu.my/,Yes,Yes,No,No,No,No
HELP UNIVERSITY,Bachelor of Business (International Business) (H...,3 Year,MYR 22500,,"IELTS , TOEFL",Established : 1986,"Jalan Semantan, Bukit Damansara, 50490 Kuala Lumpur, Wilayah Persekutuan Kuala Lumpur, Malaysia ,  Johor",Malaysia,N/A,  http://www.help.edu.my/,Yes,Yes,No,No,No,No
HELP UNIVERSITY,Bachelor of Information Technology (Hons) Busine...,3 Year,MYR 18900,,,Established : 1986,"Jalan Semantan, Bukit Damansara, 50490 Kuala Lumpur, Wilayah Persekutuan Kuala Lumpur, Malaysia ,  Johor",Malaysia,N/A,  http://www.help.edu.my/,No,No,No,No,No,No
HELP UNIVERSITY,Bachelor of Communication (Hons) Marketing Commu...,3 Year,MYR 23400,,"IELTS , TOEFL",Established : 1986,"Jalan Semantan, Bukit Damansara, 50490 Kuala Lumpur, Wilayah Persekutuan Kuala Lumpur, Malaysia ,  Johor",Malaysia,N/A,  http://www.help.edu.my/,Yes,Yes,No,No,No,No
HELP UNIVERSITY,Bachelor of Business (Hospitality Management) (H...,3 Year,MYR 26500,,"IELTS , TOEFL",Established : 1986,"Jalan Semantan, Bukit Damansara, 50490 Kuala Lumpur, Wilayah Persekutuan Kuala Lumpur, Malaysia ,  Johor",Malaysia,N/A,  http://www.help.edu.my/,Yes,Yes,No,No,No,No
HELP UNIVERSITY,Bachelor of Laws,3 days,MYR 15000,,IELTS,Established : 1986,"Jalan Semantan, Bukit Damansara, 50490 Kuala Lumpur, Wilayah Persekutuan Kuala Lumpur, Malaysia ,  Johor",Malaysia,N/A,  http://www.help.edu.my/,Yes,No,No,No,No,No
HELP UNIVERSITY,American Degree Transfer Program - Business,4 Year,MYR,,,Established : 1986,"Jalan Semantan, Bukit Damansara, 50490 Kuala Lumpur, Wilayah Persekutuan Kuala Lumpur, Malaysia ,  Johor",Malaysia,N/A,  http://www.help.edu.my/,No,No,No,No,No,No
HELP UNIVERSITY,American Degree Transfer Program - Biomedical En...,4 Year,"MYR 37,200",,,Established : 1986,"Jalan Semantan, Bukit Damansara, 50490 Kuala Lumpur, Wilayah Persekutuan Kuala Lumpur, Malaysia ,  Johor",Malaysia,N/A,  http://www.help.edu.my/,No,No,No,No,No,No
HELP UNIVERSITY,American Degree Transfer Program - Engineering,4 Year,MYR,,,Established : 1986,"Jalan Semantan, Bukit Damansara, 50490 Kuala Lumpur, Wilayah Persekutuan Kuala Lumpur, Malaysia ,  Johor",Malaysia,N/A,  http://www.help.edu.my/,No,No,No,No,No,No
HELP UNIVERSITY,American Degree Transfer Program - Biotechnology,4 Year,"MYR 37,200",,,Established : 1986,"Jalan Semantan, Bukit Damansara, 50490 Kuala Lumpur, Wilayah Persekutuan Kuala Lumpur, Malaysia ,  Johor",Malaysia,N/A,  http://www.help.edu.my/,No,No,No,No,No,No
HELP UNIVERSITY,American Degree Transfer Program - Actuarial Sci...,4 Year,MYR,,,Established : 1986,"Jalan Semantan, Bukit Damansara, 50490 Kuala Lumpur, Wilayah Persekutuan Kuala Lumpur, Malaysia ,  Johor",Malaysia,N/A,  http://www.help.edu.my/,No,No,No,No,No,No
HELP UNIVERSITY,American Degree Transfer Program - Actuarial Sci...,4 Year,MYR,,,Established : 1986,"Jalan Semantan, Bukit Damansara, 50490 Kuala Lumpur, Wilayah Persekutuan Kuala Lumpur, Malaysia ,  Johor",Malaysia,N/A,  http://www.help.edu.my/,No,No,No,No,No,No
HELP UNIVERSITY,American Degree Transfer Program - Social Work,4 Year,MYR,,,Established : 1986,"Jalan Semantan, Bukit Damansara, 50490 Kuala Lumpur, Wilayah Persekutuan Kuala Lumpur, Malaysia ,  Johor",Malaysia,N/A,  http://www.help.edu.my/,No,No,No,No,No,No
HELP UNIVERSITY,Bachelor (Hons) in Information Technology,4 Year,MYR,,,Established : 1986,"Jalan Semantan, Bukit Damansara, 50490 Kuala Lumpur, Wilayah Persekutuan Kuala Lumpur, Malaysia ,  Johor",Malaysia,N/A,  http://www.help.edu.my/,No,No,No,No,No,No
HELP UNIVERSITY,Bachelor of Business Psychology (Hons),,MYR 26900,,"IELTS , TOEFL",Established : 1986,"Jalan Semantan, Bukit Damansara, 50490 Kuala Lumpur, Wilayah Persekutuan Kuala Lumpur, Malaysia ,  Johor",Malaysia,N/A,  http://www.help.edu.my/,Yes,Yes,No,No,No,No
HELP UNIVERSITY,N/A,N/A,N/A,N/A,N/A,Established : 1986,"Jalan Semantan, Bukit Damansara, 50490 Kuala Lumpur, Wilayah Persekutuan Kuala Lumpur, Malaysia ,  Johor",Malaysia,N/A,  http://www.help.edu.my/,No,No,No,No,No,No
NATIONAL UNIVERSITY OF MALAYSIA,Master of Computer Science (Software Technology),2 Year,MYR 20000,,,Public,"43600 Bangi, Selangor, Malaysia ,  Selangor",Malaysia,1970,  http://www.ukm.my/portal/,No,No,No,No,No,No
NATIONAL UNIVERSITY OF MALAYSIA,Masters in Industry Management and Technology,2 Year,MYR 16400,,,Public,"43600 Bangi, Selangor, Malaysia ,  Selangor",Malaysia,1970,  http://www.ukm.my/portal/,No,No,No,No,No,No
NATIONAL UNIVERSITY OF MALAYSIA,Bachelor of Business Administration (BBA),3 Year,MYR 43000,,,Public,"43600 Bangi, Selangor, Malaysia ,  Selangor",Malaysia,1970,  http://www.ukm.my/portal/,No,No,No,No,No,No
NATIONAL UNIVERSITY OF MALAYSIA,B.E/B.Tech in Computer Science,3 Year,MYR 43000,,,Public,"43600 Bangi, Selangor, Malaysia ,  Selangor",Malaysia,1970,  http://www.ukm.my/portal/,No,No,No,No,No,No
NATIONAL UNIVERSITY OF MALAYSIA,Bachelor of Engineering in Electrical and Electr...,3 Year,MYR 6900,,,Public,"43600 Bangi, Selangor, Malaysia ,  Selangor",Malaysia,1970,  http://www.ukm.my/portal/,No,No,No,No,No,No
NATIONAL UNIVERSITY OF MALAYSIA,N/A,N/A,N/A,N/A,N/A,Public,"43600 Bangi, Selangor, Malaysia ,  Selangor",Malaysia,1970,  http://www.ukm.my/portal/,No,No,No,No,No,No
UNIVERSITI PUTRA,Master of Landscape Architecture,2 Year,MYR,,,Public,"43300 Serdang, Malaysia ,  Johor",Malaysia,1971,  http://www.upm.edu.my/,No,No,No,No,No,No
UNIVERSITI PUTRA,Master of Environmental Engineering,2 Year,USD 12156,,"IELTS , TOEFL",Public,"43300 Serdang, Malaysia ,  Johor",Malaysia,1971,  http://www.upm.edu.my/,Yes,Yes,No,No,No,No
UNIVERSITI PUTRA,MSc in Mechanical Engineering,2 Year,MYR 10756,,"IELTS , TOEFL",Public,"43300 Serdang, Malaysia ,  Johor",Malaysia,1971,  http://www.upm.edu.my/,Yes,Yes,No,No,No,No
UNIVERSITI PUTRA,Master of Engineering Management,2 Year,MYR 12156,,"IELTS , TOEFL",Public,"43300 Serdang, Malaysia ,  Johor",Malaysia,1971,  http://www.upm.edu.my/,Yes,Yes,No,No,No,No
UNIVERSITI PUTRA,Master of Science,2 Year,RS,,,Public,"43300 Serdang, Malaysia ,  Johor",Malaysia,1971,  http://www.upm.edu.my/,No,No,No,No,No,No
UNIVERSITI PUTRA,Master of Economics,2 Year,MYR 12156,,"IELTS , TOEFL",Public,"43300 Serdang, Malaysia ,  Johor",Malaysia,1971,  http://www.upm.edu.my/,Yes,Yes,No,No,No,No
UNIVERSITI PUTRA,MASTER OF INFORMATION SECURITY,2 Year,MYR 12156,,,Public,"43300 Serdang, Malaysia ,  Johor",Malaysia,1971,  http://www.upm.edu.my/,No,No,No,No,No,No
UNIVERSITI PUTRA,Master of Software Engineering,2 Year,MYR 12156,,"IELTS , TOEFL",Public,"43300 Serdang, Malaysia ,  Johor",Malaysia,1971,  http://www.upm.edu.my/,Yes,Yes,No,No,No,No
UNIVERSITI PUTRA,Master of Business Administration (MBA),2 Year,MYR 32756,,,Public,"43300 Serdang, Malaysia ,  Johor",Malaysia,1971,  http://www.upm.edu.my/,No,No,No,No,No,No
UNIVERSITI PUTRA,M.E. (Manufacturing Systems Engineering),2 Year,MYR 12156,,"IELTS , TOEFL",Public,"43300 Serdang, Malaysia ,  Johor",Malaysia,1971,  http://www.upm.edu.my/,Yes,Yes,No,No,No,No
UNIVERSITI PUTRA,B.E/B.Tech in Electrical & Electronic Engine...,4 Year,MYR,,,Public,"43300 Serdang, Malaysia ,  Johor",Malaysia,1971,  http://www.upm.edu.my/,No,No,No,No,No,No
UNIVERSITI PUTRA,B.E/B.Tech in Civil Engineering,4 Year,MYR,,,Public,"43300 Serdang, Malaysia ,  Johor",Malaysia,1971,  http://www.upm.edu.my/,No,No,No,No,No,No
UNIVERSITI PUTRA,Bachelor of Architecture (B.Arch),4 Year,MYR,,,Public,"43300 Serdang, Malaysia ,  Johor",Malaysia,1971,  http://www.upm.edu.my/,No,No,No,No,No,No
UNIVERSITI PUTRA,Bachelor of Economics,4 Year,MYR,,,Public,"43300 Serdang, Malaysia ,  Johor",Malaysia,1971,  http://www.upm.edu.my/,No,No,No,No,No,No
UNIVERSITI PUTRA,Bachelor of Accounting,4 Year,MYR,,,Public,"43300 Serdang, Malaysia ,  Johor",Malaysia,1971,  http://www.upm.edu.my/,No,No,No,No,No,No
UNIVERSITI PUTRA,Bachelor of Business Administration (BBA),4 Year,MYR,,,Public,"43300 Serdang, Malaysia ,  Johor",Malaysia,1971,  http://www.upm.edu.my/,No,No,No,No,No,No
UNIVERSITI PUTRA,Bachelor Of Science (Agribusiness),4 Year,MYR,,,Public,"43300 Serdang, Malaysia ,  Johor",Malaysia,1971,  http://www.upm.edu.my/,No,No,No,No,No,No
UNIVERSITI PUTRA,Bachelor of Biomedical Sciences,4 Year,MYR,,,Public,"43300 Serdang, Malaysia ,  Johor",Malaysia,1971,  http://www.upm.edu.my/,No,No,No,No,No,No
UNIVERSITI PUTRA,N/A,N/A,N/A,N/A,N/A,Public,"43300 Serdang, Malaysia ,  Johor",Malaysia,1971,  http://www.upm.edu.my/,No,No,No,No,No,No
UNIVERSITI SAINS,Doctor of Medicine,5 Year,MYR 15000,,"IELTS , TOEFL",Public,"43400 UPM Serdang Selangor Darul Ehsan MALAYSIA ,  Pulau Pinang",Malaysia,1969,  https://www.usm.my,Yes,Yes,No,No,No,No
UNIVERSITI SAINS,Master in Business Administration (MBA),2 Year,MYR 32756,,"GMAT , IELTS , TOEFL",Public,"43400 UPM Serdang Selangor Darul Ehsan MALAYSIA ,  Pulau Pinang",Malaysia,1969,  https://www.usm.my,Yes,Yes,No,No,Yes,No
UNIVERSITI SAINS,Executive MBA,2 Year,"MYR 28,220",,,Public,"43400 UPM Serdang Selangor Darul Ehsan MALAYSIA ,  Pulau Pinang",Malaysia,1969,  https://www.usm.my,No,No,No,No,No,No
UNIVERSITI SAINS,Master of Science in Electromechanical Engineeri...,2 Year,MYR 11100,,"IELTS , TOEFL",Public,"43400 UPM Serdang Selangor Darul Ehsan MALAYSIA ,  Pulau Pinang",Malaysia,1969,  https://www.usm.my,Yes,Yes,No,No,No,No
UNIVERSITI SAINS,Bachelor of Fine Arts,3 Year,MYR 11000,,"IELTS , TOEFL",Public,"43400 UPM Serdang Selangor Darul Ehsan MALAYSIA ,  Pulau Pinang",Malaysia,1969,  https://www.usm.my,Yes,Yes,No,No,No,No
UNIVERSITI SAINS,Bachelor of Music,3 Year,MYR 11000,,"IELTS , TOEFL",Public,"43400 UPM Serdang Selangor Darul Ehsan MALAYSIA ,  Pulau Pinang",Malaysia,1969,  https://www.usm.my,Yes,Yes,No,No,No,No
UNIVERSITI SAINS,Bachelor of Health Sciences (Dietetics),4 Year,MYR 15000,,IELTS,Public,"43400 UPM Serdang Selangor Darul Ehsan MALAYSIA ,  Pulau Pinang",Malaysia,1969,  https://www.usm.my,Yes,No,No,No,No,No
UNIVERSITI SAINS,Bachelor of Health Sciences (Nutrition),4 Year,MYR 15000,,IELTS,Public,"43400 UPM Serdang Selangor Darul Ehsan MALAYSIA ,  Pulau Pinang",Malaysia,1969,  https://www.usm.my,Yes,No,No,No,No,No
UNIVERSITI SAINS,Bachelor of Health Sciences (Audiology),4 Year,MYR 15000,,IELTS,Public,"43400 UPM Serdang Selangor Darul Ehsan MALAYSIA ,  Pulau Pinang",Malaysia,1969,  https://www.usm.my,Yes,No,No,No,No,No
UNIVERSITI SAINS,Bachelor of Health Sciences (Medical Radiation),4 Year,MYR 15000,,,Public,"43400 UPM Serdang Selangor Darul Ehsan MALAYSIA ,  Pulau Pinang",Malaysia,1969,  https://www.usm.my,No,No,No,No,No,No
UNIVERSITI SAINS,Bachelor of Health Sciences (Exercise and Sports...,4 Year,MYR 15000,,IELTS,Public,"43400 UPM Serdang Selangor Darul Ehsan MALAYSIA ,  Pulau Pinang",Malaysia,1969,  https://www.usm.my,Yes,No,No,No,No,No
UNIVERSITI SAINS,Bachelor of Health Sciences (Environmental and O...,4 Year,MYR 15000,,"IELTS , TOEFL",Public,"43400 UPM Serdang Selangor Darul Ehsan MALAYSIA ,  Pulau Pinang",Malaysia,1969,  https://www.usm.my,Yes,Yes,No,No,No,No
UNIVERSITI SAINS,Bachelor of Health Sciences (Speech Patology),4 Year,MYR 15000,,,Public,"43400 UPM Serdang Selangor Darul Ehsan MALAYSIA ,  Pulau Pinang",Malaysia,1969,  https://www.usm.my,No,No,No,No,No,No
UNIVERSITI SAINS,Bachelor of Health Sciences (Forensic Science),4 Year,MYR 15000,,"IELTS , TOEFL",Public,"43400 UPM Serdang Selangor Darul Ehsan MALAYSIA ,  Pulau Pinang",Malaysia,1969,  https://www.usm.my,Yes,Yes,No,No,No,No
UNIVERSITI SAINS,Bachelor of Health Sciences (Biomedicine),4 Year,MYR 15000,,IELTS,Public,"43400 UPM Serdang Selangor Darul Ehsan MALAYSIA ,  Pulau Pinang",Malaysia,1969,  https://www.usm.my,Yes,No,No,No,No,No
UNIVERSITI SAINS,Bachelor of Health Sciences (Nursing),4 Year,MYR 15000,,IELTS,Public,"43400 UPM Serdang Selangor Darul Ehsan MALAYSIA ,  Pulau Pinang",Malaysia,1969,  https://www.usm.my,Yes,No,No,No,No,No
UNIVERSITI SAINS,Bachelor of Pharmacy,4 Year,MYR 11000,,IELTS,Public,"43400 UPM Serdang Selangor Darul Ehsan MALAYSIA ,  Pulau Pinang",Malaysia,1969,  https://www.usm.my,Yes,No,No,No,No,No
UNIVERSITI SAINS,Bachelor of Computer Sciences (Honours),4 Year,MYR 14000,,"IELTS , TOEFL",Public,"43400 UPM Serdang Selangor Darul Ehsan MALAYSIA ,  Pulau Pinang",Malaysia,1969,  https://www.usm.my,Yes,Yes,No,No,No,No
UNIVERSITI SAINS,Bachelor of Accounting,4 Year,MYR 22000,,"IELTS , TOEFL",Public,"43400 UPM Serdang Selangor Darul Ehsan MALAYSIA ,  Pulau Pinang",Malaysia,1969,  https://www.usm.my,Yes,Yes,No,No,No,No
UNIVERSITI SAINS,Bachelor of Arts,3.5 year,MYR 11000,,"IELTS , TOEFL",Public,"43400 UPM Serdang Selangor Darul Ehsan MALAYSIA ,  Pulau Pinang",Malaysia,1969,  https://www.usm.my,Yes,Yes,No,No,No,No
UNIVERSITI SAINS,Bachelor of Management,,AUD,,"IELTS , TOEFL",Public,"43400 UPM Serdang Selangor Darul Ehsan MALAYSIA ,  Pulau Pinang",Malaysia,1969,  https://www.usm.my,Yes,Yes,No,No,No,No
UNIVERSITI SAINS,N/A,N/A,N/A,N/A,N/A,Public,"43400 UPM Serdang Selangor Darul Ehsan MALAYSIA ,  Pulau Pinang",Malaysia,1969,  https://www.usm.my,No,No,No,No,No,No
UNIVERSITY OF MALAYA,Bachelor of Science (Bioinformatics),,MYR,,,Public,"Jalan Universiti, 50603 Kuala Lumpur, Wilayah Persekutuan Kuala Lumpur, Malaysia +60 3-7955 2595 ,  Johor",Malaysia,1949,  http://www.um.edu.my,No,No,No,No,No,No
UNIVERSITY OF MALAYA,Bachelor of Science (Chemistry),,MYR,,,Public,"Jalan Universiti, 50603 Kuala Lumpur, Wilayah Persekutuan Kuala Lumpur, Malaysia +60 3-7955 2595 ,  Johor",Malaysia,1949,  http://www.um.edu.my,No,No,No,No,No,No
UNIVERSITY OF MALAYA,Bachelor of Science (Computational and Industria...,,MYR,,,Public,"Jalan Universiti, 50603 Kuala Lumpur, Wilayah Persekutuan Kuala Lumpur, Malaysia +60 3-7955 2595 ,  Johor",Malaysia,1949,  http://www.um.edu.my,No,No,No,No,No,No
UNIVERSITY OF MALAYA,Bachelor of Science (Biochemistry),,MYR,,,Public,"Jalan Universiti, 50603 Kuala Lumpur, Wilayah Persekutuan Kuala Lumpur, Malaysia +60 3-7955 2595 ,  Johor",Malaysia,1949,  http://www.um.edu.my,No,No,No,No,No,No
UNIVERSITY OF MALAYA,Bachelor of Science (Applied Geology),,MYR,,,Public,"Jalan Universiti, 50603 Kuala Lumpur, Wilayah Persekutuan Kuala Lumpur, Malaysia +60 3-7955 2595 ,  Johor",Malaysia,1949,  http://www.um.edu.my,No,No,No,No,No,No
UNIVERSITY OF MALAYA,Bachelor of Science (Applied Chemistry),,MYR,,,Public,"Jalan Universiti, 50603 Kuala Lumpur, Wilayah Persekutuan Kuala Lumpur, Malaysia +60 3-7955 2595 ,  Johor",Malaysia,1949,  http://www.um.edu.my,No,No,No,No,No,No
UNIVERSITY OF MALAYA,Bachelor of Laws,,MYR,,,Public,"Jalan Universiti, 50603 Kuala Lumpur, Wilayah Persekutuan Kuala Lumpur, Malaysia +60 3-7955 2595 ,  Johor",Malaysia,1949,  http://www.um.edu.my,No,No,No,No,No,No
UNIVERSITY OF MALAYA,Bachelor of Medicine and Bachelor of Surgery,,MYR,,,Public,"Jalan Universiti, 50603 Kuala Lumpur, Wilayah Persekutuan Kuala Lumpur, Malaysia +60 3-7955 2595 ,  Johor",Malaysia,1949,  http://www.um.edu.my,No,No,No,No,No,No
UNIVERSITY OF MALAYA,Bachelor of Biomedical Science,,MYR,,,Public,"Jalan Universiti, 50603 Kuala Lumpur, Wilayah Persekutuan Kuala Lumpur, Malaysia +60 3-7955 2595 ,  Johor",Malaysia,1949,  http://www.um.edu.my,No,No,No,No,No,No
UNIVERSITY OF MALAYA,B.E/B.Tech in Biomedical Engineering (Prosthetic...,,MYR 33520,,,Public,"Jalan Universiti, 50603 Kuala Lumpur, Wilayah Persekutuan Kuala Lumpur, Malaysia +60 3-7955 2595 ,  Johor",Malaysia,1949,  http://www.um.edu.my,No,No,No,No,No,No
UNIVERSITY OF MALAYA,B.E/B.Tech in Biomedical engineering,,MYR 33360,,,Public,"Jalan Universiti, 50603 Kuala Lumpur, Wilayah Persekutuan Kuala Lumpur, Malaysia +60 3-7955 2595 ,  Johor",Malaysia,1949,  http://www.um.edu.my,No,No,No,No,No,No
UNIVERSITY OF MALAYA,B.E/B.Tech in Engineering Manufacture,,MYR 33600,,,Public,"Jalan Universiti, 50603 Kuala Lumpur, Wilayah Persekutuan Kuala Lumpur, Malaysia +60 3-7955 2595 ,  Johor",Malaysia,1949,  http://www.um.edu.my,No,No,No,No,No,No
UNIVERSITY OF MALAYA,B.E/B.Tech in chemical engineering,,MYR,,,Public,"Jalan Universiti, 50603 Kuala Lumpur, Wilayah Persekutuan Kuala Lumpur, Malaysia +60 3-7955 2595 ,  Johor",Malaysia,1949,  http://www.um.edu.my,No,No,No,No,No,No
UNIVERSITY OF MALAYA,Bachelor of Science (Biohealth Science),,MYR,,,Public,"Jalan Universiti, 50603 Kuala Lumpur, Wilayah Persekutuan Kuala Lumpur, Malaysia +60 3-7955 2595 ,  Johor",Malaysia,1949,  http://www.um.edu.my,No,No,No,No,No,No
UNIVERSITY OF MALAYA,Bachelor of Science (Ecology and Biodiversity),,MYR,,,Public,"Jalan Universiti, 50603 Kuala Lumpur, Wilayah Persekutuan Kuala Lumpur, Malaysia +60 3-7955 2595 ,  Johor",Malaysia,1949,  http://www.um.edu.my,No,No,No,No,No,No
UNIVERSITY OF MALAYA,Bachelor of Science (Environmental Science and M...,,MYR,,,Public,"Jalan Universiti, 50603 Kuala Lumpur, Wilayah Persekutuan Kuala Lumpur, Malaysia +60 3-7955 2595 ,  Johor",Malaysia,1949,  http://www.um.edu.my,No,No,No,No,No,No
UNIVERSITY OF MALAYA,Bachelor of Performing Arts (Music),,MYR,,,Public,"Jalan Universiti, 50603 Kuala Lumpur, Wilayah Persekutuan Kuala Lumpur, Malaysia +60 3-7955 2595 ,  Johor",Malaysia,1949,  http://www.um.edu.my,No,No,No,No,No,No
UNIVERSITY OF MALAYA,Bachelor of Performing Arts (Drama),,MYR,,,Public,"Jalan Universiti, 50603 Kuala Lumpur, Wilayah Persekutuan Kuala Lumpur, Malaysia +60 3-7955 2595 ,  Johor",Malaysia,1949,  http://www.um.edu.my,No,No,No,No,No,No
UNIVERSITY OF MALAYA,Bachelor of Performing Arts (Dance),,MYR,,,Public,"Jalan Universiti, 50603 Kuala Lumpur, Wilayah Persekutuan Kuala Lumpur, Malaysia +60 3-7955 2595 ,  Johor",Malaysia,1949,  http://www.um.edu.my,No,No,No,No,No,No
UNIVERSITY OF MALAYA,Bachelor Sports Science ( Sport Management),,MYR,,,Public,"Jalan Universiti, 50603 Kuala Lumpur, Wilayah Persekutuan Kuala Lumpur, Malaysia +60 3-7955 2595 ,  Johor",Malaysia,1949,  http://www.um.edu.my,No,No,No,No,No,No
UNIVERSITY OF MALAYA,Bachelor Sports Science ( Exercise Science),,MYR,,,Public,"Jalan Universiti, 50603 Kuala Lumpur, Wilayah Persekutuan Kuala Lumpur, Malaysia +60 3-7955 2595 ,  Johor",Malaysia,1949,  http://www.um.edu.my,No,No,No,No,No,No
UNIVERSITY OF MALAYA,Bachelor of Urban & Regional Planning,,MYR,,,Public,"Jalan Universiti, 50603 Kuala Lumpur, Wilayah Persekutuan Kuala Lumpur, Malaysia +60 3-7955 2595 ,  Johor",Malaysia,1949,  http://www.um.edu.my,No,No,No,No,No,No
UNIVERSITY OF MALAYA,Bachelor of Science (Statistics),,MYR,,,Public,"Jalan Universiti, 50603 Kuala Lumpur, Wilayah Persekutuan Kuala Lumpur, Malaysia +60 3-7955 2595 ,  Johor",Malaysia,1949,  http://www.um.edu.my,No,No,No,No,No,No
UNIVERSITY OF MALAYA,Bachelor of Science (Science and Technology Stud...,,MYR,,,Public,"Jalan Universiti, 50603 Kuala Lumpur, Wilayah Persekutuan Kuala Lumpur, Malaysia +60 3-7955 2595 ,  Johor",Malaysia,1949,  http://www.um.edu.my,No,No,No,No,No,No
UNIVERSITY OF MALAYA,Bachelor of Science (Physics),,MYR,,,Public,"Jalan Universiti, 50603 Kuala Lumpur, Wilayah Persekutuan Kuala Lumpur, Malaysia +60 3-7955 2595 ,  Johor",Malaysia,1949,  http://www.um.edu.my,No,No,No,No,No,No
UNIVERSITY OF MALAYA,Bachelor of Science (Microbiology),,MYR,,,Public,"Jalan Universiti, 50603 Kuala Lumpur, Wilayah Persekutuan Kuala Lumpur, Malaysia +60 3-7955 2595 ,  Johor",Malaysia,1949,  http://www.um.edu.my,No,No,No,No,No,No
UNIVERSITY OF MALAYA,Bachelor of Science (Mathematics),,MYR,,,Public,"Jalan Universiti, 50603 Kuala Lumpur, Wilayah Persekutuan Kuala Lumpur, Malaysia +60 3-7955 2595 ,  Johor",Malaysia,1949,  http://www.um.edu.my,No,No,No,No,No,No
UNIVERSITY OF MALAYA,Bachelor of Science (Geology),,MYR,,,Public,"Jalan Universiti, 50603 Kuala Lumpur, Wilayah Persekutuan Kuala Lumpur, Malaysia +60 3-7955 2595 ,  Johor",Malaysia,1949,  http://www.um.edu.my,No,No,No,No,No,No
UNIVERSITY OF MALAYA,Bachelor of Science (Geography),,MYR,,,Public,"Jalan Universiti, 50603 Kuala Lumpur, Wilayah Persekutuan Kuala Lumpur, Malaysia +60 3-7955 2595 ,  Johor",Malaysia,1949,  http://www.um.edu.my,No,No,No,No,No,No
UNIVERSITY OF MALAYA,Bachelor of Science (Genetics and Molecular Biol...,,MYR,,,Public,"Jalan Universiti, 50603 Kuala Lumpur, Wilayah Persekutuan Kuala Lumpur, Malaysia +60 3-7955 2595 ,  Johor",Malaysia,1949,  http://www.um.edu.my,No,No,No,No,No,No
UNIVERSITY OF MALAYA,B.E/B.Tech in Mechanical engineering,,MYR,,,Public,"Jalan Universiti, 50603 Kuala Lumpur, Wilayah Persekutuan Kuala Lumpur, Malaysia +60 3-7955 2595 ,  Johor",Malaysia,1949,  http://www.um.edu.my,No,No,No,No,No,No
UNIVERSITY OF MALAYA,Bachelor of Engineering (Telecommunication),,MYR,,,Public,"Jalan Universiti, 50603 Kuala Lumpur, Wilayah Persekutuan Kuala Lumpur, Malaysia +60 3-7955 2595 ,  Johor",Malaysia,1949,  http://www.um.edu.my,No,No,No,No,No,No
UNIVERSITY OF MALAYA,Bachelor of Arts (Media Studies),,MYR 22330,,,Public,"Jalan Universiti, 50603 Kuala Lumpur, Wilayah Persekutuan Kuala Lumpur, Malaysia +60 3-7955 2595 ,  Johor",Malaysia,1949,  http://www.um.edu.my,No,No,No,No,No,No
UNIVERSITY OF MALAYA,Bachelor of Arts (International and Strategic St...,,MYR 22330,,,Public,"Jalan Universiti, 50603 Kuala Lumpur, Wilayah Persekutuan Kuala Lumpur, Malaysia +60 3-7955 2595 ,  Johor",Malaysia,1949,  http://www.um.edu.my,No,No,No,No,No,No
UNIVERSITY OF MALAYA,Bachelor of Arts (Indian Studies),,MYR 22330,,,Public,"Jalan Universiti, 50603 Kuala Lumpur, Wilayah Persekutuan Kuala Lumpur, Malaysia +60 3-7955 2595 ,  Johor",Malaysia,1949,  http://www.um.edu.my,No,No,No,No,No,No
UNIVERSITY OF MALAYA,Bachelor of Arts in English,,MYR 22330,,,Public,"Jalan Universiti, 50603 Kuala Lumpur, Wilayah Persekutuan Kuala Lumpur, Malaysia +60 3-7955 2595 ,  Johor",Malaysia,1949,  http://www.um.edu.my,No,No,No,No,No,No
UNIVERSITY OF MALAYA,Bachelor of Arts (History),,MYR 22330,,,Public,"Jalan Universiti, 50603 Kuala Lumpur, Wilayah Persekutuan Kuala Lumpur, Malaysia +60 3-7955 2595 ,  Johor",Malaysia,1949,  http://www.um.edu.my,No,No,No,No,No,No
UNIVERSITY OF MALAYA,Bachelor of Arts (Environmental Studies),,MYR 22330,,,Public,"Jalan Universiti, 50603 Kuala Lumpur, Wilayah Persekutuan Kuala Lumpur, Malaysia +60 3-7955 2595 ,  Johor",Malaysia,1949,  http://www.um.edu.my,No,No,No,No,No,No
UNIVERSITY OF MALAYA,Bachelor of Arts (Geography),,MYR 22330,,,Public,"Jalan Universiti, 50603 Kuala Lumpur, Wilayah Persekutuan Kuala Lumpur, Malaysia +60 3-7955 2595 ,  Johor",Malaysia,1949,  http://www.um.edu.my,No,No,No,No,No,No
UNIVERSITY OF MALAYA,Bachelor of Arts (Administration and Social Stud...,,MYR 22330,,,Public,"Jalan Universiti, 50603 Kuala Lumpur, Wilayah Persekutuan Kuala Lumpur, Malaysia +60 3-7955 2595 ,  Johor",Malaysia,1949,  http://www.um.edu.my,No,No,No,No,No,No
UNIVERSITY OF MALAYA,Bachelor of Arts (Anthropology and Sociology),,MYR 22330,,,Public,"Jalan Universiti, 50603 Kuala Lumpur, Wilayah Persekutuan Kuala Lumpur, Malaysia +60 3-7955 2595 ,  Johor",Malaysia,1949,  http://www.um.edu.my,No,No,No,No,No,No
UNIVERSITY OF MALAYA,Bachelor of Arts (Chinese Studies),,MYR 22330,,,Public,"Jalan Universiti, 50603 Kuala Lumpur, Wilayah Persekutuan Kuala Lumpur, Malaysia +60 3-7955 2595 ,  Johor",Malaysia,1949,  http://www.um.edu.my,No,No,No,No,No,No
UNIVERSITY OF MALAYA,Bachelor of Arts (East Asian Studies),,MYR 22330,,,Public,"Jalan Universiti, 50603 Kuala Lumpur, Wilayah Persekutuan Kuala Lumpur, Malaysia +60 3-7955 2595 ,  Johor",Malaysia,1949,  http://www.um.edu.my,No,No,No,No,No,No
UNIVERSITY OF MALAYA,Bachelor of Information Technology (Management),,MYR 28980,,,Public,"Jalan Universiti, 50603 Kuala Lumpur, Wilayah Persekutuan Kuala Lumpur, Malaysia +60 3-7955 2595 ,  Johor",Malaysia,1949,  http://www.um.edu.my,No,No,No,No,No,No
UNIVERSITY OF MALAYA,Bachelor of Information Technology (Multimedia),,MYR 28980,,,Public,"Jalan Universiti, 50603 Kuala Lumpur, Wilayah Persekutuan Kuala Lumpur, Malaysia +60 3-7955 2595 ,  Johor",Malaysia,1949,  http://www.um.edu.my,No,No,No,No,No,No
UNIVERSITY OF MALAYA,Bachelors of Science (BSc) in Computer Science (...,,MYR 28980,,,Public,"Jalan Universiti, 50603 Kuala Lumpur, Wilayah Persekutuan Kuala Lumpur, Malaysia +60 3-7955 2595 ,  Johor",Malaysia,1949,  http://www.um.edu.my,No,No,No,No,No,No
UNIVERSITY OF MALAYA,Bachelors of Science (BSc) in Computer Science (...,,MYR 28980,,,Public,"Jalan Universiti, 50603 Kuala Lumpur, Wilayah Persekutuan Kuala Lumpur, Malaysia +60 3-7955 2595 ,  Johor",Malaysia,1949,  http://www.um.edu.my,No,No,No,No,No,No
UNIVERSITY OF MALAYA,Bachelors of Science (BSc) in Computer Science (...,,MYR 28980,,,Public,"Jalan Universiti, 50603 Kuala Lumpur, Wilayah Persekutuan Kuala Lumpur, Malaysia +60 3-7955 2595 ,  Johor",Malaysia,1949,  http://www.um.edu.my,No,No,No,No,No,No
UNIVERSITY OF MALAYA,Bachelor of Arts (Southeast Asian Studies),,MYR 22330,,,Public,"Jalan Universiti, 50603 Kuala Lumpur, Wilayah Persekutuan Kuala Lumpur, Malaysia +60 3-7955 2595 ,  Johor",Malaysia,1949,  http://www.um.edu.my,No,No,No,No,No,No
UNIVERSITY OF MALAYA,Bachelor of Business Administration (BBA),,MYR,,,Public,"Jalan Universiti, 50603 Kuala Lumpur, Wilayah Persekutuan Kuala Lumpur, Malaysia +60 3-7955 2595 ,  Johor",Malaysia,1949,  http://www.um.edu.my,No,No,No,No,No,No
UNIVERSITY OF MALAYA,B.E/B.Tech in Electrical engineering,,MYR,,,Public,"Jalan Universiti, 50603 Kuala Lumpur, Wilayah Persekutuan Kuala Lumpur, Malaysia +60 3-7955 2595 ,  Johor",Malaysia,1949,  http://www.um.edu.my,No,No,No,No,No,No
UNIVERSITY OF MALAYA,Bachelor of Engineering (Computer Aided Design &...,,MYR,,,Public,"Jalan Universiti, 50603 Kuala Lumpur, Wilayah Persekutuan Kuala Lumpur, Malaysia +60 3-7955 2595 ,  Johor",Malaysia,1949,  http://www.um.edu.my,No,No,No,No,No,No
UNIVERSITY OF MALAYA,Bachelor of Engineering (Environmental),,MYR,,,Public,"Jalan Universiti, 50603 Kuala Lumpur, Wilayah Persekutuan Kuala Lumpur, Malaysia +60 3-7955 2595 ,  Johor",Malaysia,1949,  http://www.um.edu.my,No,No,No,No,No,No
UNIVERSITY OF MALAYA,B.E/B.Tech in Civil Engineering,,MYR 33700,,,Public,"Jalan Universiti, 50603 Kuala Lumpur, Wilayah Persekutuan Kuala Lumpur, Malaysia +60 3-7955 2595 ,  Johor",Malaysia,1949,  http://www.um.edu.my,No,No,No,No,No,No
UNIVERSITY OF MALAYA,Bachelor of Languages and Linguistics (Italian),,MYR,,,Public,"Jalan Universiti, 50603 Kuala Lumpur, Wilayah Persekutuan Kuala Lumpur, Malaysia +60 3-7955 2595 ,  Johor",Malaysia,1949,  http://www.um.edu.my,No,No,No,No,No,No
UNIVERSITY OF MALAYA,Bachelor of Languages and Linguistics (Tamil),,MYR,,,Public,"Jalan Universiti, 50603 Kuala Lumpur, Wilayah Persekutuan Kuala Lumpur, Malaysia +60 3-7955 2595 ,  Johor",Malaysia,1949,  http://www.um.edu.my,No,No,No,No,No,No
UNIVERSITY OF MALAYA,Bachelor of Languages and Linguistics (Spanish),,MYR,,,Public,"Jalan Universiti, 50603 Kuala Lumpur, Wilayah Persekutuan Kuala Lumpur, Malaysia +60 3-7955 2595 ,  Johor",Malaysia,1949,  http://www.um.edu.my,No,No,No,No,No,No
UNIVERSITY OF MALAYA,Bachelor of Languages and Linguistics (Japanese),,MYR,,,Public,"Jalan Universiti, 50603 Kuala Lumpur, Wilayah Persekutuan Kuala Lumpur, Malaysia +60 3-7955 2595 ,  Johor",Malaysia,1949,  http://www.um.edu.my,No,No,No,No,No,No
UNIVERSITY OF MALAYA,Bachelor of Languages and Linguistics ( German),,MYR,,,Public,"Jalan Universiti, 50603 Kuala Lumpur, Wilayah Persekutuan Kuala Lumpur, Malaysia +60 3-7955 2595 ,  Johor",Malaysia,1949,  http://www.um.edu.my,No,No,No,No,No,No
UNIVERSITY OF MALAYA,Bachelor of Languages and Linguistics (French),,MYR,,,Public,"Jalan Universiti, 50603 Kuala Lumpur, Wilayah Persekutuan Kuala Lumpur, Malaysia +60 3-7955 2595 ,  Johor",Malaysia,1949,  http://www.um.edu.my,No,No,No,No,No,No
UNIVERSITY OF MALAYA,Bachelor of Languages and Linguistics (English),,MYR,,,Public,"Jalan Universiti, 50603 Kuala Lumpur, Wilayah Persekutuan Kuala Lumpur, Malaysia +60 3-7955 2595 ,  Johor",Malaysia,1949,  http://www.um.edu.my,No,No,No,No,No,No
UNIVERSITY OF MALAYA,Bachelor of Languages and Linguistics (Chinese),,MYR,,,Public,"Jalan Universiti, 50603 Kuala Lumpur, Wilayah Persekutuan Kuala Lumpur, Malaysia +60 3-7955 2595 ,  Johor",Malaysia,1949,  http://www.um.edu.my,No,No,No,No,No,No
UNIVERSITY OF MALAYA,Bachelor of Languages and Linguistics (Arabic),,MYR,,,Public,"Jalan Universiti, 50603 Kuala Lumpur, Wilayah Persekutuan Kuala Lumpur, Malaysia +60 3-7955 2595 ,  Johor",Malaysia,1949,  http://www.um.edu.my,No,No,No,No,No,No
UNIVERSITY OF MALAYA,Bachelor of Education,,MYR,,,Public,"Jalan Universiti, 50603 Kuala Lumpur, Wilayah Persekutuan Kuala Lumpur, Malaysia +60 3-7955 2595 ,  Johor",Malaysia,1949,  http://www.um.edu.my,No,No,No,No,No,No
UNIVERSITY OF MALAYA,Bachelor of Counselling,,MYR 7600,,,Public,"Jalan Universiti, 50603 Kuala Lumpur, Wilayah Persekutuan Kuala Lumpur, Malaysia +60 3-7955 2595 ,  Johor",Malaysia,1949,  http://www.um.edu.my,No,No,No,No,No,No
UNIVERSITY OF MALAYA,Bachelor of Dental Surgery,,MYR 14370,,,Public,"Jalan Universiti, 50603 Kuala Lumpur, Wilayah Persekutuan Kuala Lumpur, Malaysia +60 3-7955 2595 ,  Johor",Malaysia,1949,  http://www.um.edu.my,No,No,No,No,No,No
UNIVERSITY OF MALAYA,Bachelors of Science (BSc) in Computer Science (...,,MYR 28980,,,Public,"Jalan Universiti, 50603 Kuala Lumpur, Wilayah Persekutuan Kuala Lumpur, Malaysia +60 3-7955 2595 ,  Johor",Malaysia,1949,  http://www.um.edu.my,No,No,No,No,No,No
UNIVERSITY OF MALAYA,N/A,N/A,N/A,N/A,N/A,Public,"Jalan Universiti, 50603 Kuala Lumpur, Wilayah Persekutuan Kuala Lumpur, Malaysia +60 3-7955 2595 ,  Johor",Malaysia,1949,  http://www.um.edu.my,No,No,No,No,No,No
UNIVERSITY OF TECHNOLOGY MALAYSIA,Master in Business Administration (MBA),1.5 Year,MYR 20000,,,Public,"81310 Skudai, Johor, Malaysia ,  Johor",Malaysia,1904,  http://www.utm.my/,No,No,No,No,No,No
UNIVERSITY OF TECHNOLOGY MALAYSIA,Master in Electrical Engineering,2 Year,MYR 4246,,"IELTS , TOEFL",Public,"81310 Skudai, Johor, Malaysia ,  Johor",Malaysia,1904,  http://www.utm.my/,Yes,Yes,No,No,No,No
UNIVERSITY OF TECHNOLOGY MALAYSIA,Master of Science,2 Year,MYR,,,Public,"81310 Skudai, Johor, Malaysia ,  Johor",Malaysia,1904,  http://www.utm.my/,No,No,No,No,No,No
UNIVERSITY OF TECHNOLOGY MALAYSIA,Master of Science (Software Engineering),2 Year,MYR 12490,,"IELTS , TOEFL",Public,"81310 Skudai, Johor, Malaysia ,  Johor",Malaysia,1904,  http://www.utm.my/,Yes,Yes,No,No,No,No
UNIVERSITY OF TECHNOLOGY MALAYSIA,MSc in Human Resource Development,2 Year,MYR 18980,,"IELTS , TOEFL",Public,"81310 Skudai, Johor, Malaysia ,  Johor",Malaysia,1904,  http://www.utm.my/,Yes,Yes,No,No,No,No
UNIVERSITY OF TECHNOLOGY MALAYSIA,Executive MBA,3 Year,MYR 20000,,"IELTS , TOEFL",Public,"81310 Skudai, Johor, Malaysia ,  Johor",Malaysia,1904,  http://www.utm.my/,Yes,Yes,No,No,No,No
UNIVERSITY OF TECHNOLOGY MALAYSIA,Bachelor of Computer Science (Software Engineeri...,4 Year,MYR 7600,,,Public,"81310 Skudai, Johor, Malaysia ,  Johor",Malaysia,1904,  http://www.utm.my/,No,No,No,No,No,No
UNIVERSITY OF TECHNOLOGY MALAYSIA,Bachelor of Computer Science (Graphics and Multi...,4 Year,MYR 7600,,"IELTS , TOEFL",Public,"81310 Skudai, Johor, Malaysia ,  Johor",Malaysia,1904,  http://www.utm.my/,Yes,Yes,No,No,No,No
UNIVERSITY OF TECHNOLOGY MALAYSIA,Bachelor of Science - Human Resource Development,4 Year,MYR 7000,,"IELTS , TOEFL",Public,"81310 Skudai, Johor, Malaysia ,  Johor",Malaysia,1904,  http://www.utm.my/,Yes,Yes,No,No,No,No
UNIVERSITY OF TECHNOLOGY MALAYSIA,Bachelor of Science (Physics),4 Year,MYR 7400,,,Public,"81310 Skudai, Johor, Malaysia ,  Johor",Malaysia,1904,  http://www.utm.my/,No,No,No,No,No,No
UNIVERSITY OF TECHNOLOGY MALAYSIA,Bachelor of Science (Chemistry),4 Year,MYR 7400,,,Public,"81310 Skudai, Johor, Malaysia ,  Johor",Malaysia,1904,  http://www.utm.my/,No,No,No,No,No,No
UNIVERSITY OF TECHNOLOGY MALAYSIA,B.E/B.Tech in Mechatronic Engineering,4 Year,MYR 7400,,,Public,"81310 Skudai, Johor, Malaysia ,  Johor",Malaysia,1904,  http://www.utm.my/,No,No,No,No,No,No
UNIVERSITY OF TECHNOLOGY MALAYSIA,B.E/B.Tech in Electrical engineering,4 Year,MYR 7400,,"IELTS , TOEFL",Public,"81310 Skudai, Johor, Malaysia ,  Johor",Malaysia,1904,  http://www.utm.my/,Yes,Yes,No,No,No,No
UNIVERSITY OF TECHNOLOGY MALAYSIA,Bachelor of Management - Marketing,4 Year,MYR 7000,,"IELTS , TOEFL",Public,"81310 Skudai, Johor, Malaysia ,  Johor",Malaysia,1904,  http://www.utm.my/,Yes,Yes,No,No,No,No
UNIVERSITY OF TECHNOLOGY MALAYSIA,N/A,N/A,N/A,N/A,N/A,Public,"81310 Skudai, Johor, Malaysia ,  Johor",Malaysia,1904,  http://www.utm.my/,No,No,No,No,No,No
JAMES COOK UNIVERSITY,Bachelor of Business in International Business,2 Year,SGD 25077,,"IELTS , TOEFL",Public,"600 Upper Thomson Road, Singapore 574421 ,   Prinsep",Singapore,1970,  https://www.jcu.edu.au/,Yes,Yes,No,No,No,No
JAMES COOK UNIVERSITY,Bachelor of Information Technology in Computing ...,2 Year,SGD 25077,,"IELTS , TOEFL",Public,"600 Upper Thomson Road, Singapore 574421 ,   Prinsep",Singapore,1970,  https://www.jcu.edu.au/,Yes,Yes,No,No,No,No
JAMES COOK UNIVERSITY,Bachelor of Information Technology,2 Year,SGD 25077,,"IELTS , TOEFL",Public,"600 Upper Thomson Road, Singapore 574421 ,   Prinsep",Singapore,1970,  https://www.jcu.edu.au/,Yes,Yes,No,No,No,No
JAMES COOK UNIVERSITY,Bachelor of Business in Financial Management,2 Year,SGD 25077,,"IELTS , TOEFL",Public,"600 Upper Thomson Road, Singapore 574421 ,   Prinsep",Singapore,1970,  https://www.jcu.edu.au/,Yes,Yes,No,No,No,No
JAMES COOK UNIVERSITY,Bachelor of Business in Management,2 Year,SGD 25077,,"IELTS , TOEFL",Public,"600 Upper Thomson Road, Singapore 574421 ,   Prinsep",Singapore,1970,  https://www.jcu.edu.au/,Yes,Yes,No,No,No,No
JAMES COOK UNIVERSITY,Bachelor of Psychological Science,2 Year,SGD 26361,,"IELTS , TOEFL",Public,"600 Upper Thomson Road, Singapore 574421 ,   Prinsep",Singapore,1970,  https://www.jcu.edu.au/,Yes,Yes,No,No,No,No
JAMES COOK UNIVERSITY,Bachelor of Business,2 Year,SGD 25077,,"IELTS , TOEFL",Public,"600 Upper Thomson Road, Singapore 574421 ,   Prinsep",Singapore,1970,  https://www.jcu.edu.au/,Yes,Yes,No,No,No,No
JAMES COOK UNIVERSITY,Bachelor of Business in Marketing,2 Year,"SGD 25,077",,"IELTS , TOEFL",Public,"600 Upper Thomson Road, Singapore 574421 ,   Prinsep",Singapore,1970,  https://www.jcu.edu.au/,Yes,Yes,No,No,No,No
JAMES COOK UNIVERSITY,Bed in Early Childhood Education,3 Year,SGD 26921,,"IELTS , TOEFL",Public,"600 Upper Thomson Road, Singapore 574421 ,   Prinsep",Singapore,1970,  https://www.jcu.edu.au/,Yes,Yes,No,No,No,No
JAMES COOK UNIVERSITY,Master of Business Administration,16 Month,SGD 33705,,"IELTS , TOEFL",Public,"600 Upper Thomson Road, Singapore 574421 ,   Prinsep",Singapore,1970,  https://www.jcu.edu.au/,Yes,Yes,No,No,No,No
JAMES COOK UNIVERSITY,Master of Information Technology (Business Infor...,16 Month,SGD 33705,,"IELTS , TOEFL",Public,"600 Upper Thomson Road, Singapore 574421 ,   Prinsep",Singapore,1970,  https://www.jcu.edu.au/,Yes,Yes,No,No,No,No
JAMES COOK UNIVERSITY,Master of Information Technology in Interactive ...,16 Month,SGD 33705,,"IELTS , TOEFL",Public,"600 Upper Thomson Road, Singapore 574421 ,   Prinsep",Singapore,1970,  https://www.jcu.edu.au/,Yes,Yes,No,No,No,No
JAMES COOK UNIVERSITY,Master of Information Technology in Computing an...,16 Month,SGD 33705,,"IELTS , TOEFL",Public,"600 Upper Thomson Road, Singapore 574421 ,   Prinsep",Singapore,1970,  https://www.jcu.edu.au/,Yes,Yes,No,No,No,No
JAMES COOK UNIVERSITY,Master of International Tourism & Hospitalit...,16 Month,SGD 33705,,"IELTS , TOEFL",Public,"600 Upper Thomson Road, Singapore 574421 ,   Prinsep",Singapore,1970,  https://www.jcu.edu.au/,Yes,Yes,No,No,No,No
JAMES COOK UNIVERSITY,Master of Professional Accounting,16 Month,SGD 33705,,"IELTS , TOEFL",Public,"600 Upper Thomson Road, Singapore 574421 ,   Prinsep",Singapore,1970,  https://www.jcu.edu.au/,Yes,Yes,No,No,No,No
JAMES COOK UNIVERSITY,N/A,N/A,N/A,N/A,N/A,Public,"600 Upper Thomson Road, Singapore 574421 ,   Prinsep",Singapore,1970,  https://www.jcu.edu.au/,No,No,No,No,No,No
SINGAPORE POLYTECHNIC,Diploma in Mechanical Engineering,3 Year,SGD 26919,,"IELTS , TOEFL",Public,"500 Dover Rd, Singapore 139651 ,   Prinsep",Singapore,1954,  https://www.sp.edu.sg/,Yes,Yes,No,No,No,No
SINGAPORE POLYTECHNIC,Diploma in Architecture,3 Year,SGD 26919,,"IELTS , TOEFL",Public,"500 Dover Rd, Singapore 139651 ,   Prinsep",Singapore,1954,  https://www.sp.edu.sg/,Yes,Yes,No,No,No,No
SINGAPORE POLYTECHNIC,Diploma in computer engineering,3 Year,SGD 26919,,"IELTS , TOEFL",Public,"500 Dover Rd, Singapore 139651 ,   Prinsep",Singapore,1954,  https://www.sp.edu.sg/,Yes,Yes,No,No,No,No
SINGAPORE POLYTECHNIC,Diploma in Accountancy,3 Year,SGD 26919,,"IELTS , TOEFL",Public,"500 Dover Rd, Singapore 139651 ,   Prinsep",Singapore,1954,  https://www.sp.edu.sg/,Yes,Yes,No,No,No,No
SINGAPORE POLYTECHNIC,Diploma in Electronic and Electrical Engineering,3 Year,SGD 26919,,"IELTS , TOEFL",Public,"500 Dover Rd, Singapore 139651 ,   Prinsep",Singapore,1954,  https://www.sp.edu.sg/,Yes,Yes,No,No,No,No
SINGAPORE POLYTECHNIC,Diploma in Business Administration,3 Year,SGD 26919,,"IELTS , TOEFL",Public,"500 Dover Rd, Singapore 139651 ,   Prinsep",Singapore,1954,  https://www.sp.edu.sg/,Yes,Yes,No,No,No,No
SINGAPORE POLYTECHNIC,Diploma in International Business,3 Year,SGD 25093,,"IELTS , TOEFL",Public,"500 Dover Rd, Singapore 139651 ,   Prinsep",Singapore,1954,  https://www.sp.edu.sg/,Yes,Yes,No,No,No,No
SINGAPORE POLYTECHNIC,N/A,N/A,N/A,N/A,N/A,Public,"500 Dover Rd, Singapore 139651 ,   Prinsep",Singapore,1954,  https://www.sp.edu.sg/,No,No,No,No,No,No
NATIONAL UNIVERSITY OF SINGAPORE,Graduate Diploma in Systems Analysis,1 Year,SGD 36550,,"IELTS , TOEFL",Public,"21 Lower Kent Ridge Rd, Singapore 119077 ,   Prinsep",Singapore,1905,  http://www.nus.edu.sg/,Yes,Yes,No,No,No,No
NATIONAL UNIVERSITY OF SINGAPORE,Master of Technology in IT Leadership,1 Year,SGD 45000,,"IELTS , TOEFL",Public,"21 Lower Kent Ridge Rd, Singapore 119077 ,   Prinsep",Singapore,1905,  http://www.nus.edu.sg/,Yes,Yes,No,No,No,No
NATIONAL UNIVERSITY OF SINGAPORE,Master of Technology in Enterprise Business Anal...,1.5 Year,SGD 29400,,"IELTS , TOEFL",Public,"21 Lower Kent Ridge Rd, Singapore 119077 ,   Prinsep",Singapore,1905,  http://www.nus.edu.sg/,Yes,Yes,No,No,No,No
NATIONAL UNIVERSITY OF SINGAPORE,Master of Technology in Software Engineering,1.5 Year,SGD 36550,,"IELTS , TOEFL",Public,"21 Lower Kent Ridge Rd, Singapore 119077 ,   Prinsep",Singapore,1905,  http://www.nus.edu.sg/,Yes,Yes,No,No,No,No
NATIONAL UNIVERSITY OF SINGAPORE,Master of Technology in Knowledge Engineering,1.5 Year,SGD 36550,,"IELTS , TOEFL",Public,"21 Lower Kent Ridge Rd, Singapore 119077 ,   Prinsep",Singapore,1905,  http://www.nus.edu.sg/,Yes,Yes,No,No,No,No
NATIONAL UNIVERSITY OF SINGAPORE,N/A,N/A,N/A,N/A,N/A,Public,"21 Lower Kent Ridge Rd, Singapore 119077 ,   Prinsep",Singapore,1905,  http://www.nus.edu.sg/,No,No,No,No,No,No
NANYANG TECHNOLOGICAL UNIVERSITY,Master in Business Administration (MBA),1 Year,SGD 55000,,,Public,"50 Nanyang Ave, Singapore 639798 ,   Prinsep",Singapore,1991,  http://www.ntu.edu.sg/,No,No,No,No,No,No
NANYANG TECHNOLOGICAL UNIVERSITY,Executive MBA,1 Year,SGD 95000,,,Public,"50 Nanyang Ave, Singapore 639798 ,   Prinsep",Singapore,1991,  http://www.ntu.edu.sg/,No,No,No,No,No,No
NANYANG TECHNOLOGICAL UNIVERSITY,MSc in Financial Engineering,1 Year,SGD 56000,,,Public,"50 Nanyang Ave, Singapore 639798 ,   Prinsep",Singapore,1991,  http://www.ntu.edu.sg/,No,No,No,No,No,No
NANYANG TECHNOLOGICAL UNIVERSITY,Master of Science (MSc) in Mechanical Engineerin...,1 Year,SGD 38500,,,Public,"50 Nanyang Ave, Singapore 639798 ,   Prinsep",Singapore,1991,  http://www.ntu.edu.sg/,No,No,No,No,No,No
NANYANG TECHNOLOGICAL UNIVERSITY,MEng Electrical and Electronic Engineering,1 Year,SGD 33750,,"IELTS , TOEFL",Public,"50 Nanyang Ave, Singapore 639798 ,   Prinsep",Singapore,1991,  http://www.ntu.edu.sg/,Yes,Yes,No,No,No,No
NANYANG TECHNOLOGICAL UNIVERSITY,MSc in Electronics,1 Year,SGD 38100,,"IELTS , TOEFL",Public,"50 Nanyang Ave, Singapore 639798 ,   Prinsep",Singapore,1991,  http://www.ntu.edu.sg/,Yes,Yes,No,No,No,No
NANYANG TECHNOLOGICAL UNIVERSITY,MSc in Civil Engineering,1 Year,SGD 38100,,,Public,"50 Nanyang Ave, Singapore 639798 ,   Prinsep",Singapore,1991,  http://www.ntu.edu.sg/,No,No,No,No,No,No
NANYANG TECHNOLOGICAL UNIVERSITY,Master of Mass Communication,1 Year,SGD 17000,,"IELTS , TOEFL",Public,"50 Nanyang Ave, Singapore 639798 ,   Prinsep",Singapore,1991,  http://www.ntu.edu.sg/,Yes,Yes,No,No,No,No
NANYANG TECHNOLOGICAL UNIVERSITY,M.Sc. in Computer Control & Automation,1 Year,SGD 38100,,"IELTS , TOEFL",Public,"50 Nanyang Ave, Singapore 639798 ,   Prinsep",Singapore,1991,  http://www.ntu.edu.sg/,Yes,Yes,No,No,No,No
NANYANG TECHNOLOGICAL UNIVERSITY,Master of Finance,1 Year,SGD 48000,,,Public,"50 Nanyang Ave, Singapore 639798 ,   Prinsep",Singapore,1991,  http://www.ntu.edu.sg/,No,No,No,No,No,No
NANYANG TECHNOLOGICAL UNIVERSITY,MSc in Information Studies,1 Year,SGD 32050,,"IELTS , TOEFL",Public,"50 Nanyang Ave, Singapore 639798 ,   Prinsep",Singapore,1991,  http://www.ntu.edu.sg/,Yes,Yes,No,No,No,No
NANYANG TECHNOLOGICAL UNIVERSITY,M.Sc. In Information Systems,1 Year,SGD 32050,,"IELTS , TOEFL",Public,"50 Nanyang Ave, Singapore 639798 ,   Prinsep",Singapore,1991,  http://www.ntu.edu.sg/,Yes,Yes,No,No,No,No
NANYANG TECHNOLOGICAL UNIVERSITY,M.Sc. in Accountancy,1 Year,SGD 37500,,,Public,"50 Nanyang Ave, Singapore 639798 ,   Prinsep",Singapore,1991,  http://www.ntu.edu.sg/,No,No,No,No,No,No
NANYANG TECHNOLOGICAL UNIVERSITY,Bachelor of Accountancy,3 Year,SGD 36650,,,Public,"50 Nanyang Ave, Singapore 639798 ,   Prinsep",Singapore,1991,  http://www.ntu.edu.sg/,No,No,No,No,No,No
NANYANG TECHNOLOGICAL UNIVERSITY,Bachelor of Business,3 Year,SGD 36650,,,Public,"50 Nanyang Ave, Singapore 639798 ,   Prinsep",Singapore,1991,  http://www.ntu.edu.sg/,No,No,No,No,No,No
NANYANG TECHNOLOGICAL UNIVERSITY,Bachelor of Mechanical Engineering,4 Year,SGD 17100,,,Public,"50 Nanyang Ave, Singapore 639798 ,   Prinsep",Singapore,1991,  http://www.ntu.edu.sg/,No,No,No,No,No,No
NANYANG TECHNOLOGICAL UNIVERSITY,MBBS,4 Year,SGD 65400,,,Public,"50 Nanyang Ave, Singapore 639798 ,   Prinsep",Singapore,1991,  http://www.ntu.edu.sg/,No,No,No,No,No,No
NANYANG TECHNOLOGICAL UNIVERSITY,B.E/B.Tech in Electrical & Electronic Engine...,4 Year,SGD 34100,,,Public,"50 Nanyang Ave, Singapore 639798 ,   Prinsep",Singapore,1991,  http://www.ntu.edu.sg/,No,No,No,No,No,No
NANYANG TECHNOLOGICAL UNIVERSITY,B.E in Computer Engineering,4 Year,SGD 31780,,,Public,"50 Nanyang Ave, Singapore 639798 ,   Prinsep",Singapore,1991,  http://www.ntu.edu.sg/,No,No,No,No,No,No
NANYANG TECHNOLOGICAL UNIVERSITY,BFA in Media Art (Digital Animation),4 Year,SGD 31780,,,Public,"50 Nanyang Ave, Singapore 639798 ,   Prinsep",Singapore,1991,  http://www.ntu.edu.sg/,No,No,No,No,No,No
NANYANG TECHNOLOGICAL UNIVERSITY,Bachelor Of Communication Studies,4 Year,SGD 31780,,,Public,"50 Nanyang Ave, Singapore 639798 ,   Prinsep",Singapore,1991,  http://www.ntu.edu.sg/,No,No,No,No,No,No
NANYANG TECHNOLOGICAL UNIVERSITY,B.E/B.Tech in Civil Engineering,4 Year,SGD 31780,,,Public,"50 Nanyang Ave, Singapore 639798 ,   Prinsep",Singapore,1991,  http://www.ntu.edu.sg/,No,No,No,No,No,No
NANYANG TECHNOLOGICAL UNIVERSITY,N/A,N/A,N/A,N/A,N/A,Public,"50 Nanyang Ave, Singapore 639798 ,   Prinsep",Singapore,1991,  http://www.ntu.edu.sg/,No,No,No,No,No,No
AMITY GLOBAL INSTITUTE,Diploma in Business Management,1 Year,SGD 10500,,"IELTS , TOEFL",Private,"3 Kay Siang Road, Singapore 248923 ,   Prinsep",Singapore,2009,  http://www.amitysingapore.sg,Yes,Yes,No,No,No,No
AMITY GLOBAL INSTITUTE,Advanced Diploma in Accounting and Finance,1 Year,SGD 10500,,"IELTS , TOEFL",Private,"3 Kay Siang Road, Singapore 248923 ,   Prinsep",Singapore,2009,  http://www.amitysingapore.sg,Yes,Yes,No,No,No,No
AMITY GLOBAL INSTITUTE,Diploma in International Hospitality and Tourism...,1 Year,SGD 10500,,"IELTS , TOEFL",Private,"3 Kay Siang Road, Singapore 248923 ,   Prinsep",Singapore,2009,  http://www.amitysingapore.sg,Yes,Yes,No,No,No,No
AMITY GLOBAL INSTITUTE,Diploma in Banking and Finance,1 Year,SGD 10500,,"IELTS 2018 , TOEFL",Private,"3 Kay Siang Road, Singapore 248923 ,   Prinsep",Singapore,2009,  http://www.amitysingapore.sg,Yes,Yes,No,No,No,No
AMITY GLOBAL INSTITUTE,Diploma in Entrepreneurship,1 Year,SGD 10500,,"IELTS 2018 , TOEFL",Private,"3 Kay Siang Road, Singapore 248923 ,   Prinsep",Singapore,2009,  http://www.amitysingapore.sg,Yes,Yes,No,No,No,No
AMITY GLOBAL INSTITUTE,Diploma in International Logistics & Supply ...,1 Year,SGD 10500,,,Private,"3 Kay Siang Road, Singapore 248923 ,   Prinsep",Singapore,2009,  http://www.amitysingapore.sg,No,No,No,No,No,No
AMITY GLOBAL INSTITUTE,Diploma in computing,1 Year,SGD 10500,,,Private,"3 Kay Siang Road, Singapore 248923 ,   Prinsep",Singapore,2009,  http://www.amitysingapore.sg,No,No,No,No,No,No
AMITY GLOBAL INSTITUTE,Advanced Diploma in Business Management,1 Year,SGD 11000,,,Private,"3 Kay Siang Road, Singapore 248923 ,   Prinsep",Singapore,2009,  http://www.amitysingapore.sg,No,No,No,No,No,No
AMITY GLOBAL INSTITUTE,Post graduate Diploma in Management,1 Year,SGD 10000,,,Private,"3 Kay Siang Road, Singapore 248923 ,   Prinsep",Singapore,2009,  http://www.amitysingapore.sg,No,No,No,No,No,No
AMITY GLOBAL INSTITUTE,N/A,N/A,N/A,N/A,N/A,Private,"3 Kay Siang Road, Singapore 248923 ,   Prinsep",Singapore,2009,  http://www.amitysingapore.sg,No,No,No,No,No,No
BMC INTERNATIONAL COLLEGE CURTIN UNIVERSITY,Bachelor of Engineering (Hons) in Digital System...,1 Year,RS 7230,,,Private,"BMC International College Blk 678A, Woodlands Avenue 6, #03-09, Singapore 731678 ,   Prinsep",Singapore,1966,  http://www.bmc.edu.sg/about/,No,No,No,No,No,No
BMC INTERNATIONAL COLLEGE CURTIN UNIVERSITY,B.E/B.Tech (Hons) in Electrical and Electronic E...,1 Year,SGD 7230,,,Private,"BMC International College Blk 678A, Woodlands Avenue 6, #03-09, Singapore 731678 ,   Prinsep",Singapore,1966,  http://www.bmc.edu.sg/about/,No,No,No,No,No,No
BMC INTERNATIONAL COLLEGE CURTIN UNIVERSITY,N/A,N/A,N/A,N/A,N/A,Private,"BMC International College Blk 678A, Woodlands Avenue 6, #03-09, Singapore 731678 ,   Prinsep",Singapore,1966,  http://www.bmc.edu.sg/about/,No,No,No,No,No,No
CURTIN UNIVERSITY SINGAPORE,Master of International Business,1 Year,SGD 32256,,"IELTS , TOEFL",Public,"92 Jln Rajah, Singapore 329162 ,   Prinsep",Singapore,2008,  http://curtin.edu.sg/,Yes,Yes,No,No,No,No
CURTIN UNIVERSITY SINGAPORE,Master of Supply Chain Management,1 Year,SGD 32256,,"IELTS , TOEFL",Public,"92 Jln Rajah, Singapore 329162 ,   Prinsep",Singapore,2008,  http://curtin.edu.sg/,Yes,Yes,No,No,No,No
CURTIN UNIVERSITY SINGAPORE,MSc in Project Management,1 Year,SGD 33240,,"IELTS , TOEFL",Public,"92 Jln Rajah, Singapore 329162 ,   Prinsep",Singapore,2008,  http://curtin.edu.sg/,Yes,Yes,No,No,No,No
CURTIN UNIVERSITY SINGAPORE,Bachelor of Commerce in Accounting,2 Year,SGD 25920,,"IELTS , TOEFL",Public,"92 Jln Rajah, Singapore 329162 ,   Prinsep",Singapore,2008,  http://curtin.edu.sg/,Yes,Yes,No,No,No,No
CURTIN UNIVERSITY SINGAPORE,Bachelor of Commerce - Logistics and Supply Chai...,2 Year,SGD 25920,,"IELTS , TOEFL",Public,"92 Jln Rajah, Singapore 329162 ,   Prinsep",Singapore,2008,  http://curtin.edu.sg/,Yes,Yes,No,No,No,No
CURTIN UNIVERSITY SINGAPORE,Bachelor of Commerce - International Business,2 Year,SGD 25920,,"IELTS , TOEFL",Public,"92 Jln Rajah, Singapore 329162 ,   Prinsep",Singapore,2008,  http://curtin.edu.sg/,Yes,Yes,No,No,No,No
CURTIN UNIVERSITY SINGAPORE,Bachelor of Commerce Marketing,2 Year,SGD 25920,,"IELTS , TOEFL",Public,"92 Jln Rajah, Singapore 329162 ,   Prinsep",Singapore,2008,  http://curtin.edu.sg/,Yes,Yes,No,No,No,No
CURTIN UNIVERSITY SINGAPORE,Graduate Certificate in Project Management,4 Month,SGD 11080,,"IELTS , TOEFL",Public,"92 Jln Rajah, Singapore 329162 ,   Prinsep",Singapore,2008,  http://curtin.edu.sg/,Yes,Yes,No,No,No,No
CURTIN UNIVERSITY SINGAPORE,N/A,N/A,N/A,N/A,N/A,Public,"92 Jln Rajah, Singapore 329162 ,   Prinsep",Singapore,2008,  http://curtin.edu.sg/,No,No,No,No,No,No
"DIGIPEN INSTITUTE OF TECHNOLOGY, SINGAPORE",BS in Computer Science & Game Design,4 Year,SGD 32800,,"IELTS , TOEFL",Private,"Digipen Institute of Technology PIXEL Building, 10 Central Exchange Green, #01-01, Singapore 138649 | ,   Prinsep",Singapore,1988,  http://www.digipen.edu,Yes,Yes,No,No,No,No
"DIGIPEN INSTITUTE OF TECHNOLOGY, SINGAPORE",Bachelor of Science in Computer Science in Real-...,4 Year,SGD 32800,,"IELTS , TOEFL",Private,"Digipen Institute of Technology PIXEL Building, 10 Central Exchange Green, #01-01, Singapore 138649 | ,   Prinsep",Singapore,1988,  http://www.digipen.edu,Yes,Yes,No,No,No,No
"DIGIPEN INSTITUTE OF TECHNOLOGY, SINGAPORE",BA in Game Design,4 Year,SGD 32800,,"IELTS , TOEFL",Private,"Digipen Institute of Technology PIXEL Building, 10 Central Exchange Green, #01-01, Singapore 138649 | ,   Prinsep",Singapore,1988,  http://www.digipen.edu,Yes,Yes,No,No,No,No
"DIGIPEN INSTITUTE OF TECHNOLOGY, SINGAPORE",BFA in Digital Arts And Animation,4 Year,SGD 32800,,"IELTS , TOEFL",Private,"Digipen Institute of Technology PIXEL Building, 10 Central Exchange Green, #01-01, Singapore 138649 | ,   Prinsep",Singapore,1988,  http://www.digipen.edu,Yes,Yes,No,No,No,No
"DIGIPEN INSTITUTE OF TECHNOLOGY, SINGAPORE",N/A,N/A,N/A,N/A,N/A,Private,"Digipen Institute of Technology PIXEL Building, 10 Central Exchange Green, #01-01, Singapore 138649 | ,   Prinsep",Singapore,1988,  http://www.digipen.edu,No,No,No,No,No,No
"DIMENSIONS INTERNATIONAL COLLEGE, SINGAPORE",Bachelors of Arts with Honours in International ...,36 Months,"SGD Course Fees: 21143,Tuition Fees: 15120",,IELTS,Private,"Dimensions International College 58, Lowland Road (Kovan MRT), Singapore 547453 ,   Prinsep",Singapore,1980,  http://dimensions.edu.sg/contact-us/our-campuses/,Yes,No,No,No,No,No
"DIMENSIONS INTERNATIONAL COLLEGE, SINGAPORE",Higher National Diploma in Hospitality Managemen...,20 Months,"SGD Course Fees: 14000,Tuition Fees: 8569",,IELTS,Private,"Dimensions International College 58, Lowland Road (Kovan MRT), Singapore 547453 ,   Prinsep",Singapore,1980,  http://dimensions.edu.sg/contact-us/our-campuses/,Yes,No,No,No,No,No
"DIMENSIONS INTERNATIONAL COLLEGE, SINGAPORE",Bachelors of Arts (Honours) In Business Administ...,1 Year,"SGD Course Fees: 20394,Tuition Fees: 15120",,,Private,"Dimensions International College 58, Lowland Road (Kovan MRT), Singapore 547453 ,   Prinsep",Singapore,1980,  http://dimensions.edu.sg/contact-us/our-campuses/,No,No,No,No,No,No
"DIMENSIONS INTERNATIONAL COLLEGE, SINGAPORE",Master of Business Administration,1 Year,"SGD Course Fees: 16242,Tuition Fees: 11300",,IELTS,Private,"Dimensions International College 58, Lowland Road (Kovan MRT), Singapore 547453 ,   Prinsep",Singapore,1980,  http://dimensions.edu.sg/contact-us/our-campuses/,Yes,No,No,No,No,No
"DIMENSIONS INTERNATIONAL COLLEGE, SINGAPORE",Diploma in Hospitality Services,1 Year,"SGD course fee:6200,Tuition Fees: 4467",,IELTS,Private,"Dimensions International College 58, Lowland Road (Kovan MRT), Singapore 547453 ,   Prinsep",Singapore,1980,  http://dimensions.edu.sg/contact-us/our-campuses/,Yes,No,No,No,No,No
"DIMENSIONS INTERNATIONAL COLLEGE, SINGAPORE",Diploma in Logistics Management,1 Year,"SGD Course Fees: 6400,Tuition Fees: 4654",,IELTS,Private,"Dimensions International College 58, Lowland Road (Kovan MRT), Singapore 547453 ,   Prinsep",Singapore,1980,  http://dimensions.edu.sg/contact-us/our-campuses/,Yes,No,No,No,No,No
"DIMENSIONS INTERNATIONAL COLLEGE, SINGAPORE",Diploma in Retail Management,1 Year,"SGD Course Fees: 6400,Tuition Fees: 4654",,IELTS,Private,"Dimensions International College 58, Lowland Road (Kovan MRT), Singapore 547453 ,   Prinsep",Singapore,1980,  http://dimensions.edu.sg/contact-us/our-campuses/,Yes,No,No,No,No,No
"DIMENSIONS INTERNATIONAL COLLEGE, SINGAPORE",Master of Science in Digital Marketing,1 Year,SGD Master of Science Digital Marketing,,IELTS,Private,"Dimensions International College 58, Lowland Road (Kovan MRT), Singapore 547453 ,   Prinsep",Singapore,1980,  http://dimensions.edu.sg/contact-us/our-campuses/,Yes,No,No,No,No,No
"DIMENSIONS INTERNATIONAL COLLEGE, SINGAPORE",Postgraduate Diploma in Professional Hospitality...,12 Month,"SGD Course Fees: 7078,Tuition Fees: 5500",,IELTS,Private,"Dimensions International College 58, Lowland Road (Kovan MRT), Singapore 547453 ,   Prinsep",Singapore,1980,  http://dimensions.edu.sg/contact-us/our-campuses/,Yes,No,No,No,No,No
"DIMENSIONS INTERNATIONAL COLLEGE, SINGAPORE",Advanced Diploma in Business and Management,8 Months,"SGD Course Fees: 8648,Tuition Fees: 5992",,IELTS,Private,"Dimensions International College 58, Lowland Road (Kovan MRT), Singapore 547453 ,   Prinsep",Singapore,1980,  http://dimensions.edu.sg/contact-us/our-campuses/,Yes,No,No,No,No,No
"DIMENSIONS INTERNATIONAL COLLEGE, SINGAPORE",Advanced Diploma in Hospitality and F&B Serv...,8 Months,"SGD Course Fees: 6957,Tuition Fees: 4217",,,Private,"Dimensions International College 58, Lowland Road (Kovan MRT), Singapore 547453 ,   Prinsep",Singapore,1980,  http://dimensions.edu.sg/contact-us/our-campuses/,No,No,No,No,No,No
"DIMENSIONS INTERNATIONAL COLLEGE, SINGAPORE",Diploma in Finance and Accounting(level 4),8 Months,"SGD Course Fees: 7000,Tuition Fees: 5462",,IELTS,Private,"Dimensions International College 58, Lowland Road (Kovan MRT), Singapore 547453 ,   Prinsep",Singapore,1980,  http://dimensions.edu.sg/contact-us/our-campuses/,Yes,No,No,No,No,No
"DIMENSIONS INTERNATIONAL COLLEGE, SINGAPORE",Diploma in Business,8 Months,"SGD Course Fees: 7000,Tuition Fees: 5462",,IELTS,Private,"Dimensions International College 58, Lowland Road (Kovan MRT), Singapore 547453 ,   Prinsep",Singapore,1980,  http://dimensions.edu.sg/contact-us/our-campuses/,Yes,No,No,No,No,No
"DIMENSIONS INTERNATIONAL COLLEGE, SINGAPORE",Foundation Diploma in Business,6 Months,"SGD Course Fees :4995, Tuition Fees:3888",,IELTS,Private,"Dimensions International College 58, Lowland Road (Kovan MRT), Singapore 547453 ,   Prinsep",Singapore,1980,  http://dimensions.edu.sg/contact-us/our-campuses/,Yes,No,No,No,No,No
"DIMENSIONS INTERNATIONAL COLLEGE, SINGAPORE",Level 3 Diploma in Credit Management,6 Months,"SGD Course Fees: 7000,Tuition Fees: 5462",,IELTS,Private,"Dimensions International College 58, Lowland Road (Kovan MRT), Singapore 547453 ,   Prinsep",Singapore,1980,  http://dimensions.edu.sg/contact-us/our-campuses/,Yes,No,No,No,No,No
"DIMENSIONS INTERNATIONAL COLLEGE, SINGAPORE",Diploma in F&B and Hospitality Management,14 Months,"SGD Course Fees: 6457,Tuition Fees: 4407",,IELTS,Private,"Dimensions International College 58, Lowland Road (Kovan MRT), Singapore 547453 ,   Prinsep",Singapore,1980,  http://dimensions.edu.sg/contact-us/our-campuses/,Yes,No,No,No,No,No
"DIMENSIONS INTERNATIONAL COLLEGE, SINGAPORE",Higher Diploma in Accounting and Finance,16 Month,"SGD Course Fees: 14000,Tuition Fees: 9069",,IELTS,Private,"Dimensions International College 58, Lowland Road (Kovan MRT), Singapore 547453 ,   Prinsep",Singapore,1980,  http://dimensions.edu.sg/contact-us/our-campuses/,Yes,No,No,No,No,No
"DIMENSIONS INTERNATIONAL COLLEGE, SINGAPORE",Higher National Diploma in Business,16 Month,"SGD Course Fees: 14000,Tuition Fees: 9069",,,Private,"Dimensions International College 58, Lowland Road (Kovan MRT), Singapore 547453 ,   Prinsep",Singapore,1980,  http://dimensions.edu.sg/contact-us/our-campuses/,No,No,No,No,No,No
"DIMENSIONS INTERNATIONAL COLLEGE, SINGAPORE",N/A,N/A,N/A,N/A,N/A,Private,"Dimensions International College 58, Lowland Road (Kovan MRT), Singapore 547453 ,   Prinsep",Singapore,1980,  http://dimensions.edu.sg/contact-us/our-campuses/,No,No,No,No,No,No
"DUKE-NUS GRADUATE MEDICAL SCHOOL, SINGAPORE",PhD Integrated Biology and Medicine,5 Year,RS,,"IELTS , TOEFL",Private,"Duke-NUS Graduate Medical School 8 College Road,Singapore 169857 ,   Prinsep",Singapore,2006,  https://www.duke-nus.edu.sg/,Yes,Yes,No,No,No,No
"DUKE-NUS GRADUATE MEDICAL SCHOOL, SINGAPORE",Doctor of Medicine,4 Year,SGD 56300,,"IELTS , TOEFL",Private,"Duke-NUS Graduate Medical School 8 College Road,Singapore 169857 ,   Prinsep",Singapore,2006,  https://www.duke-nus.edu.sg/,Yes,Yes,No,No,No,No
"DUKE-NUS GRADUATE MEDICAL SCHOOL, SINGAPORE",N/A,N/A,N/A,N/A,N/A,Private,"Duke-NUS Graduate Medical School 8 College Road,Singapore 169857 ,   Prinsep",Singapore,2006,  https://www.duke-nus.edu.sg/,No,No,No,No,No,No
"DUKE-NUS GRADUATE MEDICAL SCHOOL, SINGAPORE",N/A,N/A,N/A,N/A,N/A,Private,"Duke-NUS Graduate Medical School 8 College Road,Singapore 169857 ,   Prinsep",Singapore,2006,  https://www.duke-nus.edu.sg/,No,No,No,No,No,No
"DUKE-NUS GRADUATE MEDICAL SCHOOL, SINGAPORE",N/A,N/A,N/A,N/A,N/A,Private,"Duke-NUS Graduate Medical School 8 College Road,Singapore 169857 ,   Prinsep",Singapore,2006,  https://www.duke-nus.edu.sg/,No,No,No,No,No,No
EASB EAST ASIA INSTITUTE OF MANAGEMENT,Master in Business Administration (MBA),1.5 Year,RS 1971000,,,Private,"EASB East Asia Institute of Management 9 Ah Hood Road Singapore 329975 ,   Prinsep",Singapore,1984,  http://www.easb.edu.sg/en/,No,No,No,No,No,No
EASB EAST ASIA INSTITUTE OF MANAGEMENT,MBA in Project Management,1.5 Year,RS 1971000,,,Private,"EASB East Asia Institute of Management 9 Ah Hood Road Singapore 329975 ,   Prinsep",Singapore,1984,  http://www.easb.edu.sg/en/,No,No,No,No,No,No
EASB EAST ASIA INSTITUTE OF MANAGEMENT,Bachelor of Arts (Hons),3 Year,RS 2349000,,,Private,"EASB East Asia Institute of Management 9 Ah Hood Road Singapore 329975 ,   Prinsep",Singapore,1984,  http://www.easb.edu.sg/en/,No,No,No,No,No,No
EASB EAST ASIA INSTITUTE OF MANAGEMENT,Bachelor of Arts (Honours) Business Management S...,3 Year,RS 2349000,,,Private,"EASB East Asia Institute of Management 9 Ah Hood Road Singapore 329975 ,   Prinsep",Singapore,1984,  http://www.easb.edu.sg/en/,No,No,No,No,No,No
EASB EAST ASIA INSTITUTE OF MANAGEMENT,Bachelor of Arts (Honours) Business and Manageme...,3 Year,RS 2349000,,,Private,"EASB East Asia Institute of Management 9 Ah Hood Road Singapore 329975 ,   Prinsep",Singapore,1984,  http://www.easb.edu.sg/en/,No,No,No,No,No,No
EASB EAST ASIA INSTITUTE OF MANAGEMENT,Bachelor of Arts (Honours) Business & Manage...,3 Year,RS 2349000,,,Private,"EASB East Asia Institute of Management 9 Ah Hood Road Singapore 329975 ,   Prinsep",Singapore,1984,  http://www.easb.edu.sg/en/,No,No,No,No,No,No
EASB EAST ASIA INSTITUTE OF MANAGEMENT,Bachelor of Arts (Honours) Accounting,3 Year,RS 2349000,,,Private,"EASB East Asia Institute of Management 9 Ah Hood Road Singapore 329975 ,   Prinsep",Singapore,1984,  http://www.easb.edu.sg/en/,No,No,No,No,No,No
EASB EAST ASIA INSTITUTE OF MANAGEMENT,Bachelor of Arts (Honours) International Hospita...,3 Year,RS 2349000,,,Private,"EASB East Asia Institute of Management 9 Ah Hood Road Singapore 329975 ,   Prinsep",Singapore,1984,  http://www.easb.edu.sg/en/,No,No,No,No,No,No
EASB EAST ASIA INSTITUTE OF MANAGEMENT,Bachelor of Arts (Honours) International Hospita...,3 Year,RS 2349000,,,Private,"EASB East Asia Institute of Management 9 Ah Hood Road Singapore 329975 ,   Prinsep",Singapore,1984,  http://www.easb.edu.sg/en/,No,No,No,No,No,No
EASB EAST ASIA INSTITUTE OF MANAGEMENT,,3 Year,RS 2349000,,,Private,"EASB East Asia Institute of Management 9 Ah Hood Road Singapore 329975 ,   Prinsep",Singapore,1984,  http://www.easb.edu.sg/en/,No,No,No,No,No,No
EASB EAST ASIA INSTITUTE OF MANAGEMENT,N/A,N/A,N/A,N/A,N/A,Private,"EASB East Asia Institute of Management 9 Ah Hood Road Singapore 329975 ,   Prinsep",Singapore,1984,  http://www.easb.edu.sg/en/,No,No,No,No,No,No
EAST ASIA INSTITUTE OF MANAGEMENT-QUEEN MARGARET UNIVERSITY,MBA in Hospitality Management,1 Year,SGD 23000,,IELTS,Private,"East Asia Institute of Management-Queen Margaret University 9 Ah Hood Road Singapore 329975 ,   Prinsep",Singapore,1984,  http://www.easb.edu.sg/en/cont..,Yes,No,No,No,No,No
EAST ASIA INSTITUTE OF MANAGEMENT-QUEEN MARGARET UNIVERSITY,Master of Science in International Hospitality M...,1 Year,SGD 21000,,IELTS,Private,"East Asia Institute of Management-Queen Margaret University 9 Ah Hood Road Singapore 329975 ,   Prinsep",Singapore,1984,  http://www.easb.edu.sg/en/cont..,Yes,No,No,No,No,No
EAST ASIA INSTITUTE OF MANAGEMENT-QUEEN MARGARET UNIVERSITY,Master of Business Administration in Project Man...,15 month,SGD 23000,,,Private,"East Asia Institute of Management-Queen Margaret University 9 Ah Hood Road Singapore 329975 ,   Prinsep",Singapore,1984,  http://www.easb.edu.sg/en/cont..,No,No,No,No,No,No
EAST ASIA INSTITUTE OF MANAGEMENT-QUEEN MARGARET UNIVERSITY,MBA in Finance,18 Month,SGD 22800,,,Private,"East Asia Institute of Management-Queen Margaret University 9 Ah Hood Road Singapore 329975 ,   Prinsep",Singapore,1984,  http://www.easb.edu.sg/en/cont..,No,No,No,No,No,No
EAST ASIA INSTITUTE OF MANAGEMENT-QUEEN MARGARET UNIVERSITY,Master of Science in Nursing (Education),2 Year,SGD 21650,,IELTS,Private,"East Asia Institute of Management-Queen Margaret University 9 Ah Hood Road Singapore 329975 ,   Prinsep",Singapore,1984,  http://www.easb.edu.sg/en/cont..,Yes,No,No,No,No,No
EAST ASIA INSTITUTE OF MANAGEMENT-QUEEN MARGARET UNIVERSITY,Master of Science in Nursing (Management),2 Year,SGD 21650,,IELTS,Private,"East Asia Institute of Management-Queen Margaret University 9 Ah Hood Road Singapore 329975 ,   Prinsep",Singapore,1984,  http://www.easb.edu.sg/en/cont..,Yes,No,No,No,No,No
EAST ASIA INSTITUTE OF MANAGEMENT-QUEEN MARGARET UNIVERSITY,Bachelor of Arts Business Management,3 Year,SGD 12400,,IELTS,Private,"East Asia Institute of Management-Queen Margaret University 9 Ah Hood Road Singapore 329975 ,   Prinsep",Singapore,1984,  http://www.easb.edu.sg/en/cont..,Yes,No,No,No,No,No
EAST ASIA INSTITUTE OF MANAGEMENT-QUEEN MARGARET UNIVERSITY,,3 Year,SGD 12400,,IELTS,Private,"East Asia Institute of Management-Queen Margaret University 9 Ah Hood Road Singapore 329975 ,   Prinsep",Singapore,1984,  http://www.easb.edu.sg/en/cont..,Yes,No,No,No,No,No
EAST ASIA INSTITUTE OF MANAGEMENT-QUEEN MARGARET UNIVERSITY,N/A,N/A,N/A,N/A,N/A,Private,"East Asia Institute of Management-Queen Margaret University 9 Ah Hood Road Singapore 329975 ,   Prinsep",Singapore,1984,  http://www.easb.edu.sg/en/cont..,No,No,No,No,No,No
EMBRY-RIDDLE AERONAUTICAL UNIVERSITY,Master of Business Administration in Aviation,1 Year,SGD 36000,,"IELTS , TOEFL",Private,"Embry-Ridddle Aeronautical University 75 Bukit Timah Road #02-01/02 Boon Siew Building Singapore 229833 ,   Prinsep",Singapore,2011,  http://asia.erau.edu/about-asi..,Yes,Yes,No,No,No,No
EMBRY-RIDDLE AERONAUTICAL UNIVERSITY,Bachelor of Science in Aviation Business Adminis...,3.5 year,SGD 18172,,"IELTS , TOEFL",Private,"Embry-Ridddle Aeronautical University 75 Bukit Timah Road #02-01/02 Boon Siew Building Singapore 229833 ,   Prinsep",Singapore,2011,  http://asia.erau.edu/about-asi..,Yes,Yes,No,No,No,No
EMBRY-RIDDLE AERONAUTICAL UNIVERSITY,Bachelor of Science in Aeronautics,3.5 year,SGD 18172,,"IELTS , TOEFL",Private,"Embry-Ridddle Aeronautical University 75 Bukit Timah Road #02-01/02 Boon Siew Building Singapore 229833 ,   Prinsep",Singapore,2011,  http://asia.erau.edu/about-asi..,Yes,Yes,No,No,No,No
EMBRY-RIDDLE AERONAUTICAL UNIVERSITY,N/A,N/A,N/A,N/A,N/A,Private,"Embry-Ridddle Aeronautical University 75 Bukit Timah Road #02-01/02 Boon Siew Building Singapore 229833 ,   Prinsep",Singapore,2011,  http://asia.erau.edu/about-asi..,No,No,No,No,No,No
EMBRY-RIDDLE AERONAUTICAL UNIVERSITY,N/A,N/A,N/A,N/A,N/A,Private,"Embry-Ridddle Aeronautical University 75 Bukit Timah Road #02-01/02 Boon Siew Building Singapore 229833 ,   Prinsep",Singapore,2011,  http://asia.erau.edu/about-asi..,No,No,No,No,No,No
EMBRY-RIDDLE AERONAUTICAL UNIVERSITY,N/A,N/A,N/A,N/A,N/A,Private,"Embry-Ridddle Aeronautical University 75 Bukit Timah Road #02-01/02 Boon Siew Building Singapore 229833 ,   Prinsep",Singapore,2011,  http://asia.erau.edu/about-asi..,No,No,No,No,No,No
"ERC INSTITUTE, SINGAPORE",Bachelor of Arts (Hons) Business Management (Fin...,1 Year,SGD,,IELTS,Private,"229 Mountbatten Road, Mountbatten Square, #01-30, Singapore 398007 ,  Singapore",Singapore,2003,  http://www.erci.edu.sg/contact..,Yes,No,No,No,No,No
"ERC INSTITUTE, SINGAPORE",Master in Business Administration (MBA),1.5 Year,SGD,,IELTS,Private,"229 Mountbatten Road, Mountbatten Square, #01-30, Singapore 398007 ,  Singapore",Singapore,2003,  http://www.erci.edu.sg/contact..,Yes,No,No,No,No,No
"ERC INSTITUTE, SINGAPORE",MBA International Business in Operations & L...,2 Year,SGD,,IELTS,Private,"229 Mountbatten Road, Mountbatten Square, #01-30, Singapore 398007 ,  Singapore",Singapore,2003,  http://www.erci.edu.sg/contact..,Yes,No,No,No,No,No
"ERC INSTITUTE, SINGAPORE",MBA in International Business,2 Year,SGD,,IELTS,Private,"229 Mountbatten Road, Mountbatten Square, #01-30, Singapore 398007 ,  Singapore",Singapore,2003,  http://www.erci.edu.sg/contact..,Yes,No,No,No,No,No
"ERC INSTITUTE, SINGAPORE",N/A,N/A,N/A,N/A,N/A,Private,"229 Mountbatten Road, Mountbatten Square, #01-30, Singapore 398007 ,  Singapore",Singapore,2003,  http://www.erci.edu.sg/contact..,No,No,No,No,No,No
ESSEC BUSINESS SCHOOL,MSc in Management of Health Industries,1 Year,SGD 35000,,,Private,"5 Nepal Park, Singapore 139408 ,   Prinsep",Singapore,2005,  http://www.essec.edu/,No,No,No,No,No,No
ESSEC BUSINESS SCHOOL,Executive MBA,15 month,SGD 75157,,,Private,"5 Nepal Park, Singapore 139408 ,   Prinsep",Singapore,2005,  http://www.essec.edu/,No,No,No,No,No,No
ESSEC BUSINESS SCHOOL,MSc in Finance,1 Week,SGD 20000,,"IELTS , TOEFL",Private,"5 Nepal Park, Singapore 139408 ,   Prinsep",Singapore,2005,  http://www.essec.edu/,Yes,Yes,No,No,No,No
ESSEC BUSINESS SCHOOL,MSc in Management,3 Year,SGD 38000,,"IELTS , TOEFL",Private,"5 Nepal Park, Singapore 139408 ,   Prinsep",Singapore,2005,  http://www.essec.edu/,Yes,Yes,No,No,No,No
ESSEC BUSINESS SCHOOL,Bachelor of Business Administration,4 Year,SGD 19474,,"IELTS , TOEFL",Private,"5 Nepal Park, Singapore 139408 ,   Prinsep",Singapore,2005,  http://www.essec.edu/,Yes,Yes,No,No,No,No
ESSEC BUSINESS SCHOOL,N/A,N/A,N/A,N/A,N/A,Private,"5 Nepal Park, Singapore 139408 ,   Prinsep",Singapore,2005,  http://www.essec.edu/,No,No,No,No,No,No
"FTMSGLOBAL ACADEMY, SINGAPORE",Master of Business Administration,1 Year,SGD 26000,,IELTS,Private,"#02-02, 20 Collyer Quay, Singapore 049319 ,   Prinsep",Singapore,1986,  http://www.ftmsglobal.edu.sg/,Yes,No,No,No,No,No
"FTMSGLOBAL ACADEMY, SINGAPORE",BA (Hons) International Management,2 Year,SGD 15000,,IELTS,Private,"#02-02, 20 Collyer Quay, Singapore 049319 ,   Prinsep",Singapore,1986,  http://www.ftmsglobal.edu.sg/,Yes,No,No,No,No,No
"FTMSGLOBAL ACADEMY, SINGAPORE",Bsc (Hons) Business Information Systems,3 Year,RS 604000,,,Private,"#02-02, 20 Collyer Quay, Singapore 049319 ,   Prinsep",Singapore,1986,  http://www.ftmsglobal.edu.sg/,No,No,No,No,No,No
"FTMSGLOBAL ACADEMY, SINGAPORE",BSc (Hons) Software Engineering,3 Year,SGD 15000,,IELTS,Private,"#02-02, 20 Collyer Quay, Singapore 049319 ,   Prinsep",Singapore,1986,  http://www.ftmsglobal.edu.sg/,Yes,No,No,No,No,No
"FTMSGLOBAL ACADEMY, SINGAPORE",N/A,N/A,N/A,N/A,N/A,Private,"#02-02, 20 Collyer Quay, Singapore 049319 ,   Prinsep",Singapore,1986,  http://www.ftmsglobal.edu.sg/,No,No,No,No,No,No
INSTITUTE OF SYSTEMS SCIENCE,Graduate Diploma in Systems Analysis,1 Year,SGD 91500,,,Public,"Institute of Systems Science, NUS Institute of Systems Science 25 Heng Mui Keng Terrace Singapore 119615 ,   Prinsep",Singapore,1905,  http://www.iss.nus.edu.sg/,No,No,No,No,No,No
INSTITUTE OF SYSTEMS SCIENCE,Master of Technology in Software Engineering MTe...,2 Year,SGD 915000,,,Public,"Institute of Systems Science, NUS Institute of Systems Science 25 Heng Mui Keng Terrace Singapore 119615 ,   Prinsep",Singapore,1905,  http://www.iss.nus.edu.sg/,No,No,No,No,No,No
INSTITUTE OF SYSTEMS SCIENCE,Master of Technology in Enterprise Business Anal...,2 Year,SGD 144600,,,Public,"Institute of Systems Science, NUS Institute of Systems Science 25 Heng Mui Keng Terrace Singapore 119615 ,   Prinsep",Singapore,1905,  http://www.iss.nus.edu.sg/,No,No,No,No,No,No
INSTITUTE OF SYSTEMS SCIENCE,Master of Technology in Knowledge Engineering MT...,2 Year,SGD 91500,,,Public,"Institute of Systems Science, NUS Institute of Systems Science 25 Heng Mui Keng Terrace Singapore 119615 ,   Prinsep",Singapore,1905,  http://www.iss.nus.edu.sg/,No,No,No,No,No,No
INSTITUTE OF SYSTEMS SCIENCE,N/A,N/A,N/A,N/A,N/A,Public,"Institute of Systems Science, NUS Institute of Systems Science 25 Heng Mui Keng Terrace Singapore 119615 ,   Prinsep",Singapore,1905,  http://www.iss.nus.edu.sg/,No,No,No,No,No,No
KAPLAN HIGHER EDUCATION ACADEMY (SINGAPORE),Master in Business Administration (MBA),2 Year,SGD 10968,,IELTS,Private,"Kaplan Higher Education Academy (Singapore) 51 Cuppage Road, Level 3, Singapore 229469 ,   Prinsep",Singapore,1989,  http://www.kaplan.com.sg/,Yes,No,No,No,No,No
KAPLAN HIGHER EDUCATION ACADEMY (SINGAPORE),Bachelor of Commerce in Management and Marketing...,2.5 Year,SGD 27734,,"IELTS , TOEFL",Private,"Kaplan Higher Education Academy (Singapore) 51 Cuppage Road, Level 3, Singapore 229469 ,   Prinsep",Singapore,1989,  http://www.kaplan.com.sg/,Yes,Yes,No,No,No,No
KAPLAN HIGHER EDUCATION ACADEMY (SINGAPORE),Bachelor of Arts (Honours) in Business Managemen...,16 Month,SGD 21189,,,Private,"Kaplan Higher Education Academy (Singapore) 51 Cuppage Road, Level 3, Singapore 229469 ,   Prinsep",Singapore,1989,  http://www.kaplan.com.sg/,No,No,No,No,No,No
KAPLAN HIGHER EDUCATION ACADEMY (SINGAPORE),N/A,N/A,N/A,N/A,N/A,Private,"Kaplan Higher Education Academy (Singapore) 51 Cuppage Road, Level 3, Singapore 229469 ,   Prinsep",Singapore,1989,  http://www.kaplan.com.sg/,No,No,No,No,No,No
KAPLAN HIGHER EDUCATION ACADEMY (SINGAPORE),N/A,N/A,N/A,N/A,N/A,Private,"Kaplan Higher Education Academy (Singapore) 51 Cuppage Road, Level 3, Singapore 229469 ,   Prinsep",Singapore,1989,  http://www.kaplan.com.sg/,No,No,No,No,No,No
KAPLAN HIGHER EDUCATION ACADEMY (SINGAPORE),N/A,N/A,N/A,N/A,N/A,Private,"Kaplan Higher Education Academy (Singapore) 51 Cuppage Road, Level 3, Singapore 229469 ,   Prinsep",Singapore,1989,  http://www.kaplan.com.sg/,No,No,No,No,No,No
"KLC SCHOOL OF EDUCATION, SINGAPORE",Diploma in Early Childhood Care and Education,20 Months,SGD 15386,,IELTS,Private,"KLC School of Education KLCII DHOBY GHAUT CAMPUS 36 Prinsep Street #01-01 Singapore 188648 ,   Prinsep",Singapore,1988,  https://klc.edu.sg/,Yes,No,No,No,No,No
"KLC SCHOOL OF EDUCATION, SINGAPORE",Certificate in Business,5 Year,SGD 2500,,IELTS,Private,"KLC School of Education KLCII DHOBY GHAUT CAMPUS 36 Prinsep Street #01-01 Singapore 188648 ,   Prinsep",Singapore,1988,  https://klc.edu.sg/,Yes,No,No,No,No,No
"KLC SCHOOL OF EDUCATION, SINGAPORE",Diploma in Hospitality Management (Food and Beve...,9 Month,SGD 6955,,IELTS,Private,"KLC School of Education KLCII DHOBY GHAUT CAMPUS 36 Prinsep Street #01-01 Singapore 188648 ,   Prinsep",Singapore,1988,  https://klc.edu.sg/,Yes,No,No,No,No,No
"KLC SCHOOL OF EDUCATION, SINGAPORE",Advanced Diploma in Tourism and Hospitality Mana...,9 Month,SGD 6800,,IELTS,Private,"KLC School of Education KLCII DHOBY GHAUT CAMPUS 36 Prinsep Street #01-01 Singapore 188648 ,   Prinsep",Singapore,1988,  https://klc.edu.sg/,Yes,No,No,No,No,No
"KLC SCHOOL OF EDUCATION, SINGAPORE",N/A,N/A,N/A,N/A,N/A,Private,"KLC School of Education KLCII DHOBY GHAUT CAMPUS 36 Prinsep Street #01-01 Singapore 188648 ,   Prinsep",Singapore,1988,  https://klc.edu.sg/,No,No,No,No,No,No
LASALLE COLLEGE OF ARTS,MA Art Therapy,1.5 Year,SGD 18000,,"IELTS , TOEFL",Private,"9 Winstedt Rd, Singapore 227976 ,   Prinsep",Singapore,1984,  http://www.lasalle.edu.sg/,Yes,Yes,No,No,No,No
LASALLE COLLEGE OF ARTS,Master of Arts (Artist Educator),1.5 Year,SGD 18800,,"IELTS , TOEFL",Private,"9 Winstedt Rd, Singapore 227976 ,   Prinsep",Singapore,1984,  http://www.lasalle.edu.sg/,Yes,Yes,No,No,No,No
LASALLE COLLEGE OF ARTS,Master of Arts (Art Therapy),1.5 Year,"SGD 36,000",,,Private,"9 Winstedt Rd, Singapore 227976 ,   Prinsep",Singapore,1984,  http://www.lasalle.edu.sg/,No,No,No,No,No,No
LASALLE COLLEGE OF ARTS,Master of Arts (Asian Art Histories),1.5 Year,SGD 18000,,"IELTS , TOEFL",Private,"9 Winstedt Rd, Singapore 227976 ,   Prinsep",Singapore,1984,  http://www.lasalle.edu.sg/,Yes,Yes,No,No,No,No
LASALLE COLLEGE OF ARTS,Master of Arts (Arts & Cultural Management),1.5 Year,SGD 18000,,"IELTS , TOEFL",Private,"9 Winstedt Rd, Singapore 227976 ,   Prinsep",Singapore,1984,  http://www.lasalle.edu.sg/,Yes,Yes,No,No,No,No
LASALLE COLLEGE OF ARTS,BA (Hons) Dance,3 Year,SGD 23800,,"IELTS , TOEFL",Private,"9 Winstedt Rd, Singapore 227976 ,   Prinsep",Singapore,1984,  http://www.lasalle.edu.sg/,Yes,Yes,No,No,No,No
LASALLE COLLEGE OF ARTS,BA (Hons) Musical Theatre,3 Year,SGD 23800,,"IELTS , TOEFL",Private,"9 Winstedt Rd, Singapore 227976 ,   Prinsep",Singapore,1984,  http://www.lasalle.edu.sg/,Yes,Yes,No,No,No,No
LASALLE COLLEGE OF ARTS,BA (Hons) Animation Art,3 Year,SGD 23800,,"IELTS , TOEFL",Private,"9 Winstedt Rd, Singapore 227976 ,   Prinsep",Singapore,1984,  http://www.lasalle.edu.sg/,Yes,Yes,No,No,No,No
LASALLE COLLEGE OF ARTS,BA (Hons) Fine Arts,3 Year,SGD 23800,,"IELTS , TOEFL",Private,"9 Winstedt Rd, Singapore 227976 ,   Prinsep",Singapore,1984,  http://www.lasalle.edu.sg/,Yes,Yes,No,No,No,No
LASALLE COLLEGE OF ARTS,BA(Hons) Product Design,3 Year,SGD 23800,,"IELTS , TOEFL",Private,"9 Winstedt Rd, Singapore 227976 ,   Prinsep",Singapore,1984,  http://www.lasalle.edu.sg/,Yes,Yes,No,No,No,No
LASALLE COLLEGE OF ARTS,BA (Hons) in Interior Design,3 Year,SGD 23800,,"IELTS , TOEFL",Private,"9 Winstedt Rd, Singapore 227976 ,   Prinsep",Singapore,1984,  http://www.lasalle.edu.sg/,Yes,Yes,No,No,No,No
LASALLE COLLEGE OF ARTS,BA(Hons) Film,3 Year,SGD 23800,,"IELTS , TOEFL",Private,"9 Winstedt Rd, Singapore 227976 ,   Prinsep",Singapore,1984,  http://www.lasalle.edu.sg/,Yes,Yes,No,No,No,No
LASALLE COLLEGE OF ARTS,BA (Hons) Acting,3 Year,SGD 23800,,"IELTS , TOEFL",Private,"9 Winstedt Rd, Singapore 227976 ,   Prinsep",Singapore,1984,  http://www.lasalle.edu.sg/,Yes,Yes,No,No,No,No
LASALLE COLLEGE OF ARTS,Diploma in Fashion,3 Year,SGD 23800,,"IELTS , TOEFL",Private,"9 Winstedt Rd, Singapore 227976 ,   Prinsep",Singapore,1984,  http://www.lasalle.edu.sg/,Yes,Yes,No,No,No,No
LASALLE COLLEGE OF ARTS,BA (Hons) Music,3 Year,SGD 23800,,"IELTS , TOEFL",Private,"9 Winstedt Rd, Singapore 227976 ,   Prinsep",Singapore,1984,  http://www.lasalle.edu.sg/,Yes,Yes,No,No,No,No
LASALLE COLLEGE OF ARTS,BA (Hons) Design Communication,3 Year,SGD 23800,,"IELTS , TOEFL",Private,"9 Winstedt Rd, Singapore 227976 ,   Prinsep",Singapore,1984,  http://www.lasalle.edu.sg/,Yes,Yes,No,No,No,No
LASALLE COLLEGE OF ARTS,BA (Hons) Fashion Design and Textiles,3 Year,SGD 23800,,"IELTS , TOEFL",Private,"9 Winstedt Rd, Singapore 227976 ,   Prinsep",Singapore,1984,  http://www.lasalle.edu.sg/,Yes,Yes,No,No,No,No
LASALLE COLLEGE OF ARTS,BA (Hons) Fashion Media and Industries,3 Year,SGD 28300,,"IELTS , TOEFL",Private,"9 Winstedt Rd, Singapore 227976 ,   Prinsep",Singapore,1984,  http://www.lasalle.edu.sg/,Yes,Yes,No,No,No,No
LASALLE COLLEGE OF ARTS,BA (Hons) Arts Management,3 Year,SGD 23800,,"IELTS , TOEFL",Private,"9 Winstedt Rd, Singapore 227976 ,   Prinsep",Singapore,1984,  http://www.lasalle.edu.sg/,Yes,Yes,No,No,No,No
LASALLE COLLEGE OF ARTS,M.A in Fine Arts,,SGD 18000,,"IELTS , TOEFL",Private,"9 Winstedt Rd, Singapore 227976 ,   Prinsep",Singapore,1984,  http://www.lasalle.edu.sg/,Yes,Yes,No,No,No,No
LASALLE COLLEGE OF ARTS,N/A,N/A,N/A,N/A,N/A,Private,"9 Winstedt Rd, Singapore 227976 ,   Prinsep",Singapore,1984,  http://www.lasalle.edu.sg/,No,No,No,No,No,No
"MANAGEMENT DEVELOPMENT INSTITUTE OF SINGAPORE (MDIS), SINGAPORE",MBA in International Marketing,1 Year,SGD 23540,,"IELTS , TOEFL , PTE",Private,"501 Stirling Rd, Singapore 148951 ,   Prinsep",Singapore,1956,  http://www.mdis.edu.sg/contact-us/contact-information,Yes,Yes,Yes,No,No,No
"MANAGEMENT DEVELOPMENT INSTITUTE OF SINGAPORE (MDIS), SINGAPORE",MBA in Supply Chain Management,1 Year,SGD 26215,,,Private,"501 Stirling Rd, Singapore 148951 ,   Prinsep",Singapore,1956,  http://www.mdis.edu.sg/contact-us/contact-information,No,No,No,No,No,No
"MANAGEMENT DEVELOPMENT INSTITUTE OF SINGAPORE (MDIS), SINGAPORE",Master of Science in Computing and Information S...,1 Year,SGD 23396,,IELTS,Private,"501 Stirling Rd, Singapore 148951 ,   Prinsep",Singapore,1956,  http://www.mdis.edu.sg/contact-us/contact-information,Yes,No,No,No,No,No
"MANAGEMENT DEVELOPMENT INSTITUTE OF SINGAPORE (MDIS), SINGAPORE",B.E/B.Tech in Mechanical Engineering (Hons),1 Year,SGD 17884,,IELTS,Private,"501 Stirling Rd, Singapore 148951 ,   Prinsep",Singapore,1956,  http://www.mdis.edu.sg/contact-us/contact-information,Yes,No,No,No,No,No
"MANAGEMENT DEVELOPMENT INSTITUTE OF SINGAPORE (MDIS), SINGAPORE",Bachelor of Science (Hons) in Banking and Financ...,2 Year,SGD 17655,,"IELTS , TOEFL",Private,"501 Stirling Rd, Singapore 148951 ,   Prinsep",Singapore,1956,  http://www.mdis.edu.sg/contact-us/contact-information,Yes,Yes,No,No,No,No
"MANAGEMENT DEVELOPMENT INSTITUTE OF SINGAPORE (MDIS), SINGAPORE",Master of Science in Finance,2 Year,SGD 20330,,"IELTS , TOEFL",Private,"501 Stirling Rd, Singapore 148951 ,   Prinsep",Singapore,1956,  http://www.mdis.edu.sg/contact-us/contact-information,Yes,Yes,No,No,No,No
"MANAGEMENT DEVELOPMENT INSTITUTE OF SINGAPORE (MDIS), SINGAPORE",Bachelor of Arts (Hons) Fashion Marketing and Br...,3 Year,SGD 11699,,"IELTS , TOEFL",Private,"501 Stirling Rd, Singapore 148951 ,   Prinsep",Singapore,1956,  http://www.mdis.edu.sg/contact-us/contact-information,Yes,Yes,No,No,No,No
"MANAGEMENT DEVELOPMENT INSTITUTE OF SINGAPORE (MDIS), SINGAPORE",B.E/B.Tech (Hons) in Electrical and Electronic E...,3 Year,SGD 17884,,IELTS,Private,"501 Stirling Rd, Singapore 148951 ,   Prinsep",Singapore,1956,  http://www.mdis.edu.sg/contact-us/contact-information,Yes,No,No,No,No,No
"MANAGEMENT DEVELOPMENT INSTITUTE OF SINGAPORE (MDIS), SINGAPORE",Bachelor of Science (Hons) Biotechnology,3 Year,SGD 13197,,IELTS,Private,"501 Stirling Rd, Singapore 148951 ,   Prinsep",Singapore,1956,  http://www.mdis.edu.sg/contact-us/contact-information,Yes,No,No,No,No,No
"MANAGEMENT DEVELOPMENT INSTITUTE OF SINGAPORE (MDIS), SINGAPORE",Bachelor of Arts (Hons) Fashion Design,2.5 Year,SGD 12412,,"IELTS , TOFLE",Private,"501 Stirling Rd, Singapore 148951 ,   Prinsep",Singapore,1956,  http://www.mdis.edu.sg/contact-us/contact-information,Yes,No,No,No,No,No
"MANAGEMENT DEVELOPMENT INSTITUTE OF SINGAPORE (MDIS), SINGAPORE",MBA in Banking and Finance Management,12 week,SGD 12470,,"IELTS , TOEFL",Private,"501 Stirling Rd, Singapore 148951 ,   Prinsep",Singapore,1956,  http://www.mdis.edu.sg/contact-us/contact-information,Yes,Yes,No,No,No,No
"MANAGEMENT DEVELOPMENT INSTITUTE OF SINGAPORE (MDIS), SINGAPORE",N/A,N/A,N/A,N/A,N/A,Private,"501 Stirling Rd, Singapore 148951 ,   Prinsep",Singapore,1956,  http://www.mdis.edu.sg/contact-us/contact-information,No,No,No,No,No,No
"NGEE ANN POLYTECHNIC, SINGAPORE",Diploma in business studies,3 Year,SGD 26919,,,Public,"Ngee Ann Polytechnic 535 Clementi Rd, Singapore 599489 ,   Prinsep",Singapore,1963,  https://www.np.edu.sg/Pages/home.aspx,No,No,No,No,No,No
"NGEE ANN POLYTECHNIC, SINGAPORE",Diploma in Electrical Engineering,3 Year,SGD 26919,,,Public,"Ngee Ann Polytechnic 535 Clementi Rd, Singapore 599489 ,   Prinsep",Singapore,1963,  https://www.np.edu.sg/Pages/home.aspx,No,No,No,No,No,No
"NGEE ANN POLYTECHNIC, SINGAPORE",Diploma in Mechanical Engineering,3 Year,SGD 26919,,,Public,"Ngee Ann Polytechnic 535 Clementi Rd, Singapore 599489 ,   Prinsep",Singapore,1963,  https://www.np.edu.sg/Pages/home.aspx,No,No,No,No,No,No
"NGEE ANN POLYTECHNIC, SINGAPORE",Diploma in Optometry,3 Year,SGD 8350,,IELTS,Public,"Ngee Ann Polytechnic 535 Clementi Rd, Singapore 599489 ,   Prinsep",Singapore,1963,  https://www.np.edu.sg/Pages/home.aspx,Yes,No,No,No,No,No
"NGEE ANN POLYTECHNIC, SINGAPORE",Diploma in Health Sciences (Nursing),3 Year,SGD 8350,,IELTS,Public,"Ngee Ann Polytechnic 535 Clementi Rd, Singapore 599489 ,   Prinsep",Singapore,1963,  https://www.np.edu.sg/Pages/home.aspx,Yes,No,No,No,No,No
"NGEE ANN POLYTECHNIC, SINGAPORE",Diploma in Molecular Biotechnology,3 Year,SGD 26919,,,Public,"Ngee Ann Polytechnic 535 Clementi Rd, Singapore 599489 ,   Prinsep",Singapore,1963,  https://www.np.edu.sg/Pages/home.aspx,No,No,No,No,No,No
"NGEE ANN POLYTECHNIC, SINGAPORE",Diploma in Biomedical Science,3 Year,SGD 26919,,,Public,"Ngee Ann Polytechnic 535 Clementi Rd, Singapore 599489 ,   Prinsep",Singapore,1963,  https://www.np.edu.sg/Pages/home.aspx,No,No,No,No,No,No
"NGEE ANN POLYTECHNIC, SINGAPORE",Diploma in Multimedia & Animation,3 Year,SGD 26919,,,Public,"Ngee Ann Polytechnic 535 Clementi Rd, Singapore 599489 ,   Prinsep",Singapore,1963,  https://www.np.edu.sg/Pages/home.aspx,No,No,No,No,No,No
"NGEE ANN POLYTECHNIC, SINGAPORE",Diploma in information technology,3 Year,SGD 26919,,,Public,"Ngee Ann Polytechnic 535 Clementi Rd, Singapore 599489 ,   Prinsep",Singapore,1963,  https://www.np.edu.sg/Pages/home.aspx,No,No,No,No,No,No
"NGEE ANN POLYTECHNIC, SINGAPORE",Diploma in International Logistics & Supply ...,3 Year,SGD 26919,,,Public,"Ngee Ann Polytechnic 535 Clementi Rd, Singapore 599489 ,   Prinsep",Singapore,1963,  https://www.np.edu.sg/Pages/home.aspx,No,No,No,No,No,No
"NGEE ANN POLYTECHNIC, SINGAPORE",Diploma in Accountancy,3 Year,SGD 26919,,,Public,"Ngee Ann Polytechnic 535 Clementi Rd, Singapore 599489 ,   Prinsep",Singapore,1963,  https://www.np.edu.sg/Pages/home.aspx,No,No,No,No,No,No
"NGEE ANN POLYTECHNIC, SINGAPORE",Diploma in Banking & Financial Services,3 Year,SGD 26919,,,Public,"Ngee Ann Polytechnic 535 Clementi Rd, Singapore 599489 ,   Prinsep",Singapore,1963,  https://www.np.edu.sg/Pages/home.aspx,No,No,No,No,No,No
"NGEE ANN POLYTECHNIC, SINGAPORE",Diploma in International Business,3 Year,SGD 26919,,,Public,"Ngee Ann Polytechnic 535 Clementi Rd, Singapore 599489 ,   Prinsep",Singapore,1963,  https://www.np.edu.sg/Pages/home.aspx,No,No,No,No,No,No
"NGEE ANN POLYTECHNIC, SINGAPORE",Diploma in Biomedical Engineering,3 Year,SGD 26919,,,Public,"Ngee Ann Polytechnic 535 Clementi Rd, Singapore 599489 ,   Prinsep",Singapore,1963,  https://www.np.edu.sg/Pages/home.aspx,No,No,No,No,No,No
"NGEE ANN POLYTECHNIC, SINGAPORE",N/A,N/A,N/A,N/A,N/A,Public,"Ngee Ann Polytechnic 535 Clementi Rd, Singapore 599489 ,   Prinsep",Singapore,1963,  https://www.np.edu.sg/Pages/home.aspx,No,No,No,No,No,No
"NGEE ANN-ADELAIDE EDUCATION CENTRE , SINGAPORE",Bachelor of Commerce in Marketing,3 Year,SGD 74700,,,Private,"Ngee Ann-Adelaide Education Centre 97 Tank Rd, Singapore 238066 ,   Prinsep",Singapore,1998,  http://naa.edu.sg/,No,No,No,No,No,No
"NGEE ANN-ADELAIDE EDUCATION CENTRE , SINGAPORE",Bachelor of Commerce (Major in Management),3 Year,SGD 74700,,,Private,"Ngee Ann-Adelaide Education Centre 97 Tank Rd, Singapore 238066 ,   Prinsep",Singapore,1998,  http://naa.edu.sg/,No,No,No,No,No,No
"NGEE ANN-ADELAIDE EDUCATION CENTRE , SINGAPORE",BCom - International Business,3 Year,SGD,,,Private,"Ngee Ann-Adelaide Education Centre 97 Tank Rd, Singapore 238066 ,   Prinsep",Singapore,1998,  http://naa.edu.sg/,No,No,No,No,No,No
"NGEE ANN-ADELAIDE EDUCATION CENTRE , SINGAPORE",Bachelor of Commerce (B.COM),3 Year,SGD 74700,,,Private,"Ngee Ann-Adelaide Education Centre 97 Tank Rd, Singapore 238066 ,   Prinsep",Singapore,1998,  http://naa.edu.sg/,No,No,No,No,No,No
"NGEE ANN-ADELAIDE EDUCATION CENTRE , SINGAPORE",N/A,N/A,N/A,N/A,N/A,Private,"Ngee Ann-Adelaide Education Centre 97 Tank Rd, Singapore 238066 ,   Prinsep",Singapore,1998,  http://naa.edu.sg/,No,No,No,No,No,No
"ORITA SINCLAIR SCHOOL OF DESIGN, SINGAPORE",Advanced Diploma in Design Communication,1 Year,SGD 18200,,"IELTS , TOEFL",Public,"7or 12A Pahang Street, Singapore 198613 ,   Prinsep",Singapore,N/A,  http://www.orita-sinclair.edu.sg/,Yes,Yes,No,No,No,No
"ORITA SINCLAIR SCHOOL OF DESIGN, SINGAPORE",Diploma in Interaction Design,1 Year,SGD 18200,,"IELTS , TOEFL",Public,"7or 12A Pahang Street, Singapore 198613 ,   Prinsep",Singapore,N/A,  http://www.orita-sinclair.edu.sg/,Yes,Yes,No,No,No,No
"ORITA SINCLAIR SCHOOL OF DESIGN, SINGAPORE",Diploma in Visual Communication and Media Design,1 Year,SGD 18200,,"IELTS , TOEFL",Public,"7or 12A Pahang Street, Singapore 198613 ,   Prinsep",Singapore,N/A,  http://www.orita-sinclair.edu.sg/,Yes,Yes,No,No,No,No
"ORITA SINCLAIR SCHOOL OF DESIGN, SINGAPORE",N/A,N/A,N/A,N/A,N/A,Public,"7or 12A Pahang Street, Singapore 198613 ,   Prinsep",Singapore,N/A,  http://www.orita-sinclair.edu.sg/,No,No,No,No,No,No
"ORITA SINCLAIR SCHOOL OF DESIGN, SINGAPORE",N/A,N/A,N/A,N/A,N/A,Public,"7or 12A Pahang Street, Singapore 198613 ,   Prinsep",Singapore,N/A,  http://www.orita-sinclair.edu.sg/,No,No,No,No,No,No
"ORITA SINCLAIR SCHOOL OF DESIGN, SINGAPORE",N/A,N/A,N/A,N/A,N/A,Public,"7or 12A Pahang Street, Singapore 198613 ,   Prinsep",Singapore,N/A,  http://www.orita-sinclair.edu.sg/,No,No,No,No,No,No
"PSB ACADEMY, SINGAPORE",MSc Business Management in Sales,1 Year,SGD 20705,,IELTS,Private,"355 Jalan Bukit Ho Swee, Jln Bukit Ho Swee, Singapore 169567 ,   Prinsep",Singapore,1964,  http://www.psb-academy.edu.sg/,Yes,No,No,No,No,No
"PSB ACADEMY, SINGAPORE",DBA in Accounting and Finance,1 Year,SGD 9974,,"IELTS , TOEFL",Private,"355 Jalan Bukit Ho Swee, Jln Bukit Ho Swee, Singapore 169567 ,   Prinsep",Singapore,1964,  http://www.psb-academy.edu.sg/,Yes,Yes,No,No,No,No
"PSB ACADEMY, SINGAPORE",MSc Business Management in Human Resource Manage...,1 Year,SGD 20705,,IELTS,Private,"355 Jalan Bukit Ho Swee, Jln Bukit Ho Swee, Singapore 169567 ,   Prinsep",Singapore,1964,  http://www.psb-academy.edu.sg/,Yes,No,No,No,No,No
"PSB ACADEMY, SINGAPORE",Diploma in Infocomm Technology,1 Year,SGD 9972,,"IELTS , TOEFL",Private,"355 Jalan Bukit Ho Swee, Jln Bukit Ho Swee, Singapore 169567 ,   Prinsep",Singapore,1964,  http://www.psb-academy.edu.sg/,Yes,Yes,No,No,No,No
"PSB ACADEMY, SINGAPORE",MSc Business Management in Marketing,1 Year,SGD 20705,,IELTS,Private,"355 Jalan Bukit Ho Swee, Jln Bukit Ho Swee, Singapore 169567 ,   Prinsep",Singapore,1964,  http://www.psb-academy.edu.sg/,Yes,No,No,No,No,No
"PSB ACADEMY, SINGAPORE",Diploma in Tourism and Hospitality Management,1 Year,SGD 9972,,"IELTS , TOEFL",Private,"355 Jalan Bukit Ho Swee, Jln Bukit Ho Swee, Singapore 169567 ,   Prinsep",Singapore,1964,  http://www.psb-academy.edu.sg/,Yes,Yes,No,No,No,No
"PSB ACADEMY, SINGAPORE",Certificate in English Proficiency,1 Year,SGD 569000,,,Private,"355 Jalan Bukit Ho Swee, Jln Bukit Ho Swee, Singapore 169567 ,   Prinsep",Singapore,1964,  http://www.psb-academy.edu.sg/,No,No,No,No,No,No
"PSB ACADEMY, SINGAPORE",Diploma in Mechanical Engineering Technology,1 Year,SGD 12027,,"IELTS , TOEFL",Private,"355 Jalan Bukit Ho Swee, Jln Bukit Ho Swee, Singapore 169567 ,   Prinsep",Singapore,1964,  http://www.psb-academy.edu.sg/,Yes,Yes,No,No,No,No
"PSB ACADEMY, SINGAPORE",Master of Science International Business Managem...,1 Year,SGD 15528,,IELTS,Private,"355 Jalan Bukit Ho Swee, Jln Bukit Ho Swee, Singapore 169567 ,   Prinsep",Singapore,1964,  http://www.psb-academy.edu.sg/,Yes,No,No,No,No,No
"PSB ACADEMY, SINGAPORE",Diploma of Electrical Engineering Technology,1 Year,SGD 12027,,"IELTS , TOEFL",Private,"355 Jalan Bukit Ho Swee, Jln Bukit Ho Swee, Singapore 169567 ,   Prinsep",Singapore,1964,  http://www.psb-academy.edu.sg/,Yes,Yes,No,No,No,No
"PSB ACADEMY, SINGAPORE",Diploma in Business Administration,1 Year,SGD 9972,,"IELTS , TOEFL",Private,"355 Jalan Bukit Ho Swee, Jln Bukit Ho Swee, Singapore 169567 ,   Prinsep",Singapore,1964,  http://www.psb-academy.edu.sg/,Yes,Yes,No,No,No,No
"PSB ACADEMY, SINGAPORE",Certificate in Business Management,3 Months,SGD 2247,,"IELTS , TOEFL",Private,"355 Jalan Bukit Ho Swee, Jln Bukit Ho Swee, Singapore 169567 ,   Prinsep",Singapore,1964,  http://www.psb-academy.edu.sg/,Yes,Yes,No,No,No,No
"PSB ACADEMY, SINGAPORE",Certificate in English Proficiency (Advanced),3 Months,SGD 2675,,IELTS,Private,"355 Jalan Bukit Ho Swee, Jln Bukit Ho Swee, Singapore 169567 ,   Prinsep",Singapore,1964,  http://www.psb-academy.edu.sg/,Yes,No,No,No,No,No
"PSB ACADEMY, SINGAPORE",Bachelor of Commerce IN Management and Marketing,2 Year,SGD 19067,,"IELTS , TOEFL",Private,"355 Jalan Bukit Ho Swee, Jln Bukit Ho Swee, Singapore 169567 ,   Prinsep",Singapore,1964,  http://www.psb-academy.edu.sg/,Yes,Yes,No,No,No,No
"PSB ACADEMY, SINGAPORE",Bachelor of Information Technology,2 Year,SGD 20746,,"IELTS , TOEFL",Private,"355 Jalan Bukit Ho Swee, Jln Bukit Ho Swee, Singapore 169567 ,   Prinsep",Singapore,1964,  http://www.psb-academy.edu.sg/,Yes,Yes,No,No,No,No
"PSB ACADEMY, SINGAPORE",Bachelor of Communication (Major in Public Relat...,2 Year,SGD 19581,,"IELTS , TOEFL",Private,"355 Jalan Bukit Ho Swee, Jln Bukit Ho Swee, Singapore 169567 ,   Prinsep",Singapore,1964,  http://www.psb-academy.edu.sg/,Yes,Yes,No,No,No,No
"PSB ACADEMY, SINGAPORE",Bachelor of Science (Pharmaceutical Science),2 Year,SGD 20801,,"IELTS , TOEFL",Private,"355 Jalan Bukit Ho Swee, Jln Bukit Ho Swee, Singapore 169567 ,   Prinsep",Singapore,1964,  http://www.psb-academy.edu.sg/,Yes,Yes,No,No,No,No
"PSB ACADEMY, SINGAPORE",Bachelor of Biomedical Sciences,2 Year,SGD 20801,,"IELTS , TOEFL",Private,"355 Jalan Bukit Ho Swee, Jln Bukit Ho Swee, Singapore 169567 ,   Prinsep",Singapore,1964,  http://www.psb-academy.edu.sg/,Yes,Yes,No,No,No,No
"PSB ACADEMY, SINGAPORE",Bachelor of Commerce (Finance),2 Year,SGD 19067,,"IELTS , TOEFL",Private,"355 Jalan Bukit Ho Swee, Jln Bukit Ho Swee, Singapore 169567 ,   Prinsep",Singapore,1964,  http://www.psb-academy.edu.sg/,Yes,Yes,No,No,No,No
"PSB ACADEMY, SINGAPORE",Bachelor of Commerce (Major in Accounting),2 Year,SGD 19389,,"IELTS , TOEFL",Private,"355 Jalan Bukit Ho Swee, Jln Bukit Ho Swee, Singapore 169567 ,   Prinsep",Singapore,1964,  http://www.psb-academy.edu.sg/,Yes,Yes,No,No,No,No
"PSB ACADEMY, SINGAPORE",Bachelor of Business -Marketing and Tourism,2 Year,SGD 19388,,"IELTS , TOEFL",Private,"355 Jalan Bukit Ho Swee, Jln Bukit Ho Swee, Singapore 169567 ,   Prinsep",Singapore,1964,  http://www.psb-academy.edu.sg/,Yes,Yes,No,No,No,No
"PSB ACADEMY, SINGAPORE",Bachelor of Commerce (Supply Chain Management),2 Year,SGD 19067,,"IELTS , TOEFL",Private,"355 Jalan Bukit Ho Swee, Jln Bukit Ho Swee, Singapore 169567 ,   Prinsep",Singapore,1964,  http://www.psb-academy.edu.sg/,Yes,Yes,No,No,No,No
"PSB ACADEMY, SINGAPORE",Bachelor of Science (Molecular Biology),2 Year,SGD 20801,,,Private,"355 Jalan Bukit Ho Swee, Jln Bukit Ho Swee, Singapore 169567 ,   Prinsep",Singapore,1964,  http://www.psb-academy.edu.sg/,No,No,No,No,No,No
"PSB ACADEMY, SINGAPORE",Foundation Diploma in Life Sciences,6 Months,SGD 6272,,"IELTS , TOEFL",Private,"355 Jalan Bukit Ho Swee, Jln Bukit Ho Swee, Singapore 169567 ,   Prinsep",Singapore,1964,  http://www.psb-academy.edu.sg/,Yes,Yes,No,No,No,No
"PSB ACADEMY, SINGAPORE",Bachelor of Engineering (Honours) (Electrical),3 Year,SGD 23142,,"IELTS , TOEFL",Private,"355 Jalan Bukit Ho Swee, Jln Bukit Ho Swee, Singapore 169567 ,   Prinsep",Singapore,1964,  http://www.psb-academy.edu.sg/,Yes,Yes,No,No,No,No
"PSB ACADEMY, SINGAPORE",Bachelor of Engineering (Honours) (Mechanical),3 Year,SGD 23142,,"IELTS , TOEFL",Private,"355 Jalan Bukit Ho Swee, Jln Bukit Ho Swee, Singapore 169567 ,   Prinsep",Singapore,1964,  http://www.psb-academy.edu.sg/,Yes,Yes,No,No,No,No
"PSB ACADEMY, SINGAPORE",Bachelor of Science (Honours) Banking & Fina...,3 Year,SGD 5714,,IELTS,Private,"355 Jalan Bukit Ho Swee, Jln Bukit Ho Swee, Singapore 169567 ,   Prinsep",Singapore,1964,  http://www.psb-academy.edu.sg/,Yes,No,No,No,No,No
"PSB ACADEMY, SINGAPORE",Certificate in InfoComm Technology,3 Year,SGD 2247,,"IELTS , TOEFL",Private,"355 Jalan Bukit Ho Swee, Jln Bukit Ho Swee, Singapore 169567 ,   Prinsep",Singapore,1964,  http://www.psb-academy.edu.sg/,Yes,Yes,No,No,No,No
"PSB ACADEMY, SINGAPORE",Bachelor of Science (Honours) Accounting & F...,3 Year,SGD 32900,,,Private,"355 Jalan Bukit Ho Swee, Jln Bukit Ho Swee, Singapore 169567 ,   Prinsep",Singapore,1964,  http://www.psb-academy.edu.sg/,No,No,No,No,No,No
"PSB ACADEMY, SINGAPORE",Certificate in Engineering Foundation,3 Year,SGD 2247,,"IELTS , TOEFL",Private,"355 Jalan Bukit Ho Swee, Jln Bukit Ho Swee, Singapore 169567 ,   Prinsep",Singapore,1964,  http://www.psb-academy.edu.sg/,Yes,Yes,No,No,No,No
"PSB ACADEMY, SINGAPORE",Bachelor of Science (Honours) Business & Man...,3 Year,SGD 5714,,IELTS,Private,"355 Jalan Bukit Ho Swee, Jln Bukit Ho Swee, Singapore 169567 ,   Prinsep",Singapore,1964,  http://www.psb-academy.edu.sg/,Yes,No,No,No,No,No
"PSB ACADEMY, SINGAPORE",Bachelor of Arts (Honours) Hospitality and Touri...,16 Month,SGD 23497,,IELTS,Private,"355 Jalan Bukit Ho Swee, Jln Bukit Ho Swee, Singapore 169567 ,   Prinsep",Singapore,1964,  http://www.psb-academy.edu.sg/,Yes,No,No,No,No,No
"PSB ACADEMY, SINGAPORE",Bachelor of Arts (Honours) Tourism Management wi...,16 Month,SGD 23497,,IELTS,Private,"355 Jalan Bukit Ho Swee, Jln Bukit Ho Swee, Singapore 169567 ,   Prinsep",Singapore,1964,  http://www.psb-academy.edu.sg/,Yes,No,No,No,No,No
"PSB ACADEMY, SINGAPORE",B.E/B.Tech with Honours in Electrical and Electr...,16 Month,SGD 13251,,IELTS,Private,"355 Jalan Bukit Ho Swee, Jln Bukit Ho Swee, Singapore 169567 ,   Prinsep",Singapore,1964,  http://www.psb-academy.edu.sg/,Yes,No,No,No,No,No
"PSB ACADEMY, SINGAPORE",Master of Business Administration,16 Month,SGD 21571,,"IELTS , TOEFL",Private,"355 Jalan Bukit Ho Swee, Jln Bukit Ho Swee, Singapore 169567 ,   Prinsep",Singapore,1964,  http://www.psb-academy.edu.sg/,Yes,Yes,No,No,No,No
"PSB ACADEMY, SINGAPORE",Bachelor of Arts (Honours) Hospitality Managemen...,16 Month,SGD 23497,,IELTS,Private,"355 Jalan Bukit Ho Swee, Jln Bukit Ho Swee, Singapore 169567 ,   Prinsep",Singapore,1964,  http://www.psb-academy.edu.sg/,Yes,No,No,No,No,No
"PSB ACADEMY, SINGAPORE",Bachelor of Arts Tourism and Marketing Managemen...,16 Month,SGD 23497,,IELTS,Private,"355 Jalan Bukit Ho Swee, Jln Bukit Ho Swee, Singapore 169567 ,   Prinsep",Singapore,1964,  http://www.psb-academy.edu.sg/,Yes,No,No,No,No,No
"PSB ACADEMY, SINGAPORE",Bachelor of Arts (Honours) Festival and Event Ma...,16 Month,SGD 23497,,IELTS,Private,"355 Jalan Bukit Ho Swee, Jln Bukit Ho Swee, Singapore 169567 ,   Prinsep",Singapore,1964,  http://www.psb-academy.edu.sg/,Yes,No,No,No,No,No
"PSB ACADEMY, SINGAPORE",Bachelor of Arts (Honours) Hospitality and Marke...,16 Month,SGD 23497,,IELTS,Private,"355 Jalan Bukit Ho Swee, Jln Bukit Ho Swee, Singapore 169567 ,   Prinsep",Singapore,1964,  http://www.psb-academy.edu.sg/,Yes,No,No,No,No,No
"PSB ACADEMY, SINGAPORE",Bachelor of Arts with Honours in Business and Fi...,16 Month,SGD 11710,,IELTS,Private,"355 Jalan Bukit Ho Swee, Jln Bukit Ho Swee, Singapore 169567 ,   Prinsep",Singapore,1964,  http://www.psb-academy.edu.sg/,Yes,No,No,No,No,No
"PSB ACADEMY, SINGAPORE",Bachelor of Science with Honours in Computer Sci...,16 Month,SGD 13251,,IELTS,Private,"355 Jalan Bukit Ho Swee, Jln Bukit Ho Swee, Singapore 169567 ,   Prinsep",Singapore,1964,  http://www.psb-academy.edu.sg/,Yes,No,No,No,No,No
"PSB ACADEMY, SINGAPORE",Bachelor of Arts with Honours in Advertising and...,16 Month,SGD 14638,,IELTS,Private,"355 Jalan Bukit Ho Swee, Jln Bukit Ho Swee, Singapore 169567 ,   Prinsep",Singapore,1964,  http://www.psb-academy.edu.sg/,Yes,No,No,No,No,No
"PSB ACADEMY, SINGAPORE",Bachelor of Arts with Honours in Advertising and...,16 Month,SGD 14638,,IELTS,Private,"355 Jalan Bukit Ho Swee, Jln Bukit Ho Swee, Singapore 169567 ,   Prinsep",Singapore,1964,  http://www.psb-academy.edu.sg/,Yes,No,No,No,No,No
"PSB ACADEMY, SINGAPORE",Bachelor of Arts with Honours in Accounting and ...,16 Month,SGD 11780,,IELTS,Private,"355 Jalan Bukit Ho Swee, Jln Bukit Ho Swee, Singapore 169567 ,   Prinsep",Singapore,1964,  http://www.psb-academy.edu.sg/,Yes,No,No,No,No,No
"PSB ACADEMY, SINGAPORE",Bachelor of Arts with Honours in Business and Ma...,16 Month,SGD 11710,,IELTS,Private,"355 Jalan Bukit Ho Swee, Jln Bukit Ho Swee, Singapore 169567 ,   Prinsep",Singapore,1964,  http://www.psb-academy.edu.sg/,Yes,No,No,No,No,No
"PSB ACADEMY, SINGAPORE",MSc Business Management in Entrepreneurship,16 Month,SGD 15528,,IELTS,Private,"355 Jalan Bukit Ho Swee, Jln Bukit Ho Swee, Singapore 169567 ,   Prinsep",Singapore,1964,  http://www.psb-academy.edu.sg/,Yes,No,No,No,No,No
"PSB ACADEMY, SINGAPORE",N/A,N/A,N/A,N/A,N/A,Private,"355 Jalan Bukit Ho Swee, Jln Bukit Ho Swee, Singapore 169567 ,   Prinsep",Singapore,1964,  http://www.psb-academy.edu.sg/,No,No,No,No,No,No
"REPUBLIC POLYTECHNIC, SINGAPORE",Diploma in Supply Chain Management,2 Year,SGD 26613,,TOEFL,Public,"9 Woodlands Ave 9, Singapore 738964 ,   Prinsep",Singapore,2002,  https://www.rp.edu.sg/,No,Yes,No,No,No,No
"REPUBLIC POLYTECHNIC, SINGAPORE",Diploma in Materials Science,2 Year,SGD 26613,,TOEFL,Public,"9 Woodlands Ave 9, Singapore 738964 ,   Prinsep",Singapore,2002,  https://www.rp.edu.sg/,No,Yes,No,No,No,No
"REPUBLIC POLYTECHNIC, SINGAPORE",,2 Year,SGD 26613,,TOEFL,Public,"9 Woodlands Ave 9, Singapore 738964 ,   Prinsep",Singapore,2002,  https://www.rp.edu.sg/,No,Yes,No,No,No,No
"REPUBLIC POLYTECHNIC, SINGAPORE",Diploma in Marine Science and Aquaculture,2 Year,SGD 26613,,TOEFL,Public,"9 Woodlands Ave 9, Singapore 738964 ,   Prinsep",Singapore,2002,  https://www.rp.edu.sg/,No,Yes,No,No,No,No
"REPUBLIC POLYTECHNIC, SINGAPORE",Diploma in Biomedical Sciences,2 Year,SGD 26613,,TOEFL,Public,"9 Woodlands Ave 9, Singapore 738964 ,   Prinsep",Singapore,2002,  https://www.rp.edu.sg/,No,Yes,No,No,No,No
"REPUBLIC POLYTECHNIC, SINGAPORE",Diploma in Biotechnology,2 Year,SGD 26613,,TOEFL,Public,"9 Woodlands Ave 9, Singapore 738964 ,   Prinsep",Singapore,2002,  https://www.rp.edu.sg/,No,Yes,No,No,No,No
"REPUBLIC POLYTECHNIC, SINGAPORE",Diploma in Environmental Science,2 Year,SGD 26613,,TOEFL,Public,"9 Woodlands Ave 9, Singapore 738964 ,   Prinsep",Singapore,2002,  https://www.rp.edu.sg/,No,Yes,No,No,No,No
"REPUBLIC POLYTECHNIC, SINGAPORE",Diploma in Aerospace Engineering,2 Year,SGD 26613,,IELTS,Public,"9 Woodlands Ave 9, Singapore 738964 ,   Prinsep",Singapore,2002,  https://www.rp.edu.sg/,Yes,No,No,No,No,No
"REPUBLIC POLYTECHNIC, SINGAPORE",Diploma in Aerospace Avionics,2 Year,SGD 26613,,TOEFL,Public,"9 Woodlands Ave 9, Singapore 738964 ,   Prinsep",Singapore,2002,  https://www.rp.edu.sg/,No,Yes,No,No,No,No
"REPUBLIC POLYTECHNIC, SINGAPORE",Diploma in Mobile Software Development,2 Year,SGD 26613,,TOEFL,Public,"9 Woodlands Ave 9, Singapore 738964 ,   Prinsep",Singapore,2002,  https://www.rp.edu.sg/,No,Yes,No,No,No,No
"REPUBLIC POLYTECHNIC, SINGAPORE",Diploma in Interactive and Digital Media,2 Year,SGD 26613,,TOEFL,Public,"9 Woodlands Ave 9, Singapore 738964 ,   Prinsep",Singapore,2002,  https://www.rp.edu.sg/,No,Yes,No,No,No,No
"REPUBLIC POLYTECHNIC, SINGAPORE",Diploma in Mass Communication,2 Year,SGD 26613,,TOEFL,Public,"9 Woodlands Ave 9, Singapore 738964 ,   Prinsep",Singapore,2002,  https://www.rp.edu.sg/,No,Yes,No,No,No,No
"REPUBLIC POLYTECHNIC, SINGAPORE",Diploma in Industrial and Operations Management,2 Year,SGD 26613,,TOEFL,Public,"9 Woodlands Ave 9, Singapore 738964 ,   Prinsep",Singapore,2002,  https://www.rp.edu.sg/,No,Yes,No,No,No,No
"REPUBLIC POLYTECHNIC, SINGAPORE",Diploma in Aviation Management,2 Year,SGD 26613,,TOEFL,Public,"9 Woodlands Ave 9, Singapore 738964 ,   Prinsep",Singapore,2002,  https://www.rp.edu.sg/,No,Yes,No,No,No,No
"REPUBLIC POLYTECHNIC, SINGAPORE","Diploma in Wellness, Lifestyle and Spa Managemen...",2 Year,SGD 26613,,TOEFL,Public,"9 Woodlands Ave 9, Singapore 738964 ,   Prinsep",Singapore,2002,  https://www.rp.edu.sg/,No,Yes,No,No,No,No
"REPUBLIC POLYTECHNIC, SINGAPORE",Diploma in Customer Relationship and Service Man...,2 Year,SGD 26613,,TOEFL,Public,"9 Woodlands Ave 9, Singapore 738964 ,   Prinsep",Singapore,2002,  https://www.rp.edu.sg/,No,Yes,No,No,No,No
"REPUBLIC POLYTECHNIC, SINGAPORE",Diploma in information technology,2 Year,SGD 26613,,TOEFL,Public,"9 Woodlands Ave 9, Singapore 738964 ,   Prinsep",Singapore,2002,  https://www.rp.edu.sg/,No,Yes,No,No,No,No
"REPUBLIC POLYTECHNIC, SINGAPORE",Diploma in Restaurant and Culinary Operations,2 Year,SGD 26613,,TOEFL,Public,"9 Woodlands Ave 9, Singapore 738964 ,   Prinsep",Singapore,2002,  https://www.rp.edu.sg/,No,Yes,No,No,No,No
"REPUBLIC POLYTECHNIC, SINGAPORE",Diploma in Hotel and Hospitality Management,2 Year,SGD 26613,,TOEFL,Public,"9 Woodlands Ave 9, Singapore 738964 ,   Prinsep",Singapore,2002,  https://www.rp.edu.sg/,No,Yes,No,No,No,No
"REPUBLIC POLYTECHNIC, SINGAPORE",Diploma in Integrated Events Management,2 Year,SGD 26613,,TOEFL,Public,"9 Woodlands Ave 9, Singapore 738964 ,   Prinsep",Singapore,2002,  https://www.rp.edu.sg/,No,Yes,No,No,No,No
"REPUBLIC POLYTECHNIC, SINGAPORE",Diploma in Electronic and Electrical Engineering,2 Year,SGD 26613,,TOEFL,Public,"9 Woodlands Ave 9, Singapore 738964 ,   Prinsep",Singapore,2002,  https://www.rp.edu.sg/,No,Yes,No,No,No,No
"REPUBLIC POLYTECHNIC, SINGAPORE",Diploma in Green Building Energy Management,3 Year,SGD 26613,,TOEFL,Public,"9 Woodlands Ave 9, Singapore 738964 ,   Prinsep",Singapore,2002,  https://www.rp.edu.sg/,No,Yes,No,No,No,No
"REPUBLIC POLYTECHNIC, SINGAPORE",N/A,N/A,N/A,N/A,N/A,Public,"9 Woodlands Ave 9, Singapore 738964 ,   Prinsep",Singapore,2002,  https://www.rp.edu.sg/,No,No,No,No,No,No
"S P JAIN SCHOOL OF GLOBAL MANAGEMENT, SINGAPORE",Master of Global Business,1.5 Year,SGD,,,Private,"10 Hyderabad Road, Singapore 119579 ,   Prinsep",Singapore,2004,  https://www.spjain.sg/global-campus/singapore,No,No,No,No,No,No
"S P JAIN SCHOOL OF GLOBAL MANAGEMENT, SINGAPORE",Executive MBA,2 Year,SGD 35310,,,Private,"10 Hyderabad Road, Singapore 119579 ,   Prinsep",Singapore,2004,  https://www.spjain.sg/global-campus/singapore,No,No,No,No,No,No
"S P JAIN SCHOOL OF GLOBAL MANAGEMENT, SINGAPORE",Global Master of Business Administration,3 Year,SGD,,,Private,"10 Hyderabad Road, Singapore 119579 ,   Prinsep",Singapore,2004,  https://www.spjain.sg/global-campus/singapore,No,No,No,No,No,No
"S P JAIN SCHOOL OF GLOBAL MANAGEMENT, SINGAPORE",Bachelor of Business Administration (BBA),4 Year,SGD 23500,,,Private,"10 Hyderabad Road, Singapore 119579 ,   Prinsep",Singapore,2004,  https://www.spjain.sg/global-campus/singapore,No,No,No,No,No,No
"S P JAIN SCHOOL OF GLOBAL MANAGEMENT, SINGAPORE",N/A,N/A,N/A,N/A,N/A,Private,"10 Hyderabad Road, Singapore 119579 ,   Prinsep",Singapore,2004,  https://www.spjain.sg/global-campus/singapore,No,No,No,No,No,No
SINGAPORE INSTITUTE OF MANAGEMENT,Bachelor of Design (Communication Design) (Top-u...,1 Year,SGD 22363,,"IELTS , TOEFL",Public,"461 Clementi Road Singapore 599491 ,   Prinsep",Singapore,1964,  http://www.simge.edu.sg/epub/International/overseas.html,Yes,Yes,No,No,No,No
SINGAPORE INSTITUTE OF MANAGEMENT,Master of Science in Engineering Business Manage...,1 Year,SGD 32100,,"IELTS , TOEFL",Public,"461 Clementi Road Singapore 599491 ,   Prinsep",Singapore,1964,  http://www.simge.edu.sg/epub/International/overseas.html,Yes,Yes,No,No,No,No
SINGAPORE INSTITUTE OF MANAGEMENT,MSc in Digital Marketing,1 Year,SGD 34240,,"IELTS , TOEFL",Public,"461 Clementi Road Singapore 599491 ,   Prinsep",Singapore,1964,  http://www.simge.edu.sg/epub/International/overseas.html,Yes,Yes,No,No,No,No
SINGAPORE INSTITUTE OF MANAGEMENT,Diploma for Graduates (Social Sciences),1 Year,SGD 9200,,"IELTS , TOEFL",Public,"461 Clementi Road Singapore 599491 ,   Prinsep",Singapore,1964,  http://www.simge.edu.sg/epub/International/overseas.html,Yes,Yes,No,No,No,No
SINGAPORE INSTITUTE OF MANAGEMENT,Master of Science International Business,1 Year,SGD 26964,,"IELTS , TOEFL",Public,"461 Clementi Road Singapore 599491 ,   Prinsep",Singapore,1964,  http://www.simge.edu.sg/epub/International/overseas.html,Yes,Yes,No,No,No,No
SINGAPORE INSTITUTE OF MANAGEMENT,Master of Science in Supply Chain & Logistic...,1 Year,SGD 35149,,"IELTS , TOEFL",Public,"461 Clementi Road Singapore 599491 ,   Prinsep",Singapore,1964,  http://www.simge.edu.sg/epub/International/overseas.html,Yes,Yes,No,No,No,No
SINGAPORE INSTITUTE OF MANAGEMENT,Diploma in Banking and Finance,15 month,SGD 9416,,"IELTS , TOEFL",Public,"461 Clementi Road Singapore 599491 ,   Prinsep",Singapore,1964,  http://www.simge.edu.sg/epub/International/overseas.html,Yes,Yes,No,No,No,No
SINGAPORE INSTITUTE OF MANAGEMENT,,15 month,SGD 9416,,"IELTS , TOEFL",Public,"461 Clementi Road Singapore 599491 ,   Prinsep",Singapore,1964,  http://www.simge.edu.sg/epub/International/overseas.html,Yes,Yes,No,No,No,No
SINGAPORE INSTITUTE OF MANAGEMENT,Diploma in International Business,15 month,SGD 9416,,"IELTS , TOEFL",Public,"461 Clementi Road Singapore 599491 ,   Prinsep",Singapore,1964,  http://www.simge.edu.sg/epub/International/overseas.html,Yes,Yes,No,No,No,No
SINGAPORE INSTITUTE OF MANAGEMENT,BSc (Hons) International Business,2 Year,SGD 21990,,"IELTS , TOEFL",Public,"461 Clementi Road Singapore 599491 ,   Prinsep",Singapore,1964,  http://www.simge.edu.sg/epub/International/overseas.html,Yes,Yes,No,No,No,No
SINGAPORE INSTITUTE OF MANAGEMENT,Bachelor of Communication (Professional Communic...,2 Year,SGD 22420,,"IELTS , TOEFL",Public,"461 Clementi Road Singapore 599491 ,   Prinsep",Singapore,1964,  http://www.simge.edu.sg/epub/International/overseas.html,Yes,Yes,No,No,No,No
SINGAPORE INSTITUTE OF MANAGEMENT,Bachelor of Science (Honours) Business Managemen...,2 Year,SGD 16050,,IELTS,Public,"461 Clementi Road Singapore 599491 ,   Prinsep",Singapore,1964,  http://www.simge.edu.sg/epub/International/overseas.html,Yes,No,No,No,No,No
SINGAPORE INSTITUTE OF MANAGEMENT,Bachelor of Arts (Honours) in Retail Marketing (...,2 Year,SGD 19260,,"IELTS , TOEFL",Public,"461 Clementi Road Singapore 599491 ,   Prinsep",Singapore,1964,  http://www.simge.edu.sg/epub/International/overseas.html,Yes,Yes,No,No,No,No
SINGAPORE INSTITUTE OF MANAGEMENT,Bachelor of Arts (Communication),3 Year,SGD 23112,,"IELTS , TOEFL",Public,"461 Clementi Road Singapore 599491 ,   Prinsep",Singapore,1964,  http://www.simge.edu.sg/epub/International/overseas.html,Yes,Yes,No,No,No,No
SINGAPORE INSTITUTE OF MANAGEMENT,Bachelor of Arts (Psychology),3 Year,SGD 23112,,"IELTS , TOEFL",Public,"461 Clementi Road Singapore 599491 ,   Prinsep",Singapore,1964,  http://www.simge.edu.sg/epub/International/overseas.html,Yes,Yes,No,No,No,No
SINGAPORE INSTITUTE OF MANAGEMENT,,3 Year,SGD 14124,,"IELTS , TOEFL",Public,"461 Clementi Road Singapore 599491 ,   Prinsep",Singapore,1964,  http://www.simge.edu.sg/epub/International/overseas.html,Yes,Yes,No,No,No,No
SINGAPORE INSTITUTE OF MANAGEMENT,Bachelor of Arts (International Trade),3 Year,SGD 23112,,"IELTS , TOEFL",Public,"461 Clementi Road Singapore 599491 ,   Prinsep",Singapore,1964,  http://www.simge.edu.sg/epub/International/overseas.html,Yes,Yes,No,No,No,No
SINGAPORE INSTITUTE OF MANAGEMENT,Bachelor of Arts in Economics,3 Year,SGD 23112,,"IELTS , TOEFL",Public,"461 Clementi Road Singapore 599491 ,   Prinsep",Singapore,1964,  http://www.simge.edu.sg/epub/International/overseas.html,Yes,Yes,No,No,No,No
SINGAPORE INSTITUTE OF MANAGEMENT,Bachelor of Arts (Sociology),3 Year,SGD 23112,,"IELTS , TOEFL",Public,"461 Clementi Road Singapore 599491 ,   Prinsep",Singapore,1964,  http://www.simge.edu.sg/epub/International/overseas.html,Yes,Yes,No,No,No,No
SINGAPORE INSTITUTE OF MANAGEMENT,Bachelor of Science (Honours) in Economics,3 Year,SGD 9900,,"IELTS , TOEFL",Public,"461 Clementi Road Singapore 599491 ,   Prinsep",Singapore,1964,  http://www.simge.edu.sg/epub/International/overseas.html,Yes,Yes,No,No,No,No
SINGAPORE INSTITUTE OF MANAGEMENT,Bachelor of Arts (Economics and Psychology),3 Year,SGD 23112,,"IELTS , TOEFL",Public,"461 Clementi Road Singapore 599491 ,   Prinsep",Singapore,1964,  http://www.simge.edu.sg/epub/International/overseas.html,Yes,Yes,No,No,No,No
SINGAPORE INSTITUTE OF MANAGEMENT,Bachelor of Computer Science (Multimedia & G...,3 Year,SGD 11128,,"IELTS , TOEFL",Public,"461 Clementi Road Singapore 599491 ,   Prinsep",Singapore,1964,  http://www.simge.edu.sg/epub/International/overseas.html,Yes,Yes,No,No,No,No
SINGAPORE INSTITUTE OF MANAGEMENT,Bachelor of Business in Logistics & Supply C...,3 Year,SGD 14124,,"IELTS , TOEFL",Public,"461 Clementi Road Singapore 599491 ,   Prinsep",Singapore,1964,  http://www.simge.edu.sg/epub/International/overseas.html,Yes,Yes,No,No,No,No
SINGAPORE INSTITUTE OF MANAGEMENT,Bachelor of Science (Honours) in Economics and F...,3 Year,SGD 9900,,"IELTS , TOEFL",Public,"461 Clementi Road Singapore 599491 ,   Prinsep",Singapore,1964,  http://www.simge.edu.sg/epub/International/overseas.html,Yes,Yes,No,No,No,No
SINGAPORE INSTITUTE OF MANAGEMENT,Bachelor of Business (Accountancy),3 Year,SGD 14124,,"IELTS , TOEFL",Public,"461 Clementi Road Singapore 599491 ,   Prinsep",Singapore,1964,  http://www.simge.edu.sg/epub/International/overseas.html,Yes,Yes,No,No,No,No
SINGAPORE INSTITUTE OF MANAGEMENT,Bachelor of Science (Honours) in Accounting and ...,3 Year,SGD 9900,,"IELTS , TOEFL",Public,"461 Clementi Road Singapore 599491 ,   Prinsep",Singapore,1964,  http://www.simge.edu.sg/epub/International/overseas.html,Yes,Yes,No,No,No,No
SINGAPORE INSTITUTE OF MANAGEMENT,Bachelor of Psychological Science,3 Year,SGD 13268,,"IELTS , TOEFL",Public,"461 Clementi Road Singapore 599491 ,   Prinsep",Singapore,1964,  http://www.simge.edu.sg/epub/International/overseas.html,Yes,Yes,No,No,No,No
SINGAPORE INSTITUTE OF MANAGEMENT,Bachelor of Science (Hons) in Business and Manag...,3 Year,SGD 9900,,"IELTS , TOEFL",Public,"461 Clementi Road Singapore 599491 ,   Prinsep",Singapore,1964,  http://www.simge.edu.sg/epub/International/overseas.html,Yes,Yes,No,No,No,No
SINGAPORE INSTITUTE OF MANAGEMENT,Bachelor of Business in Management,3 Year,RS 14124,,"IELTS , TOEFL",Public,"461 Clementi Road Singapore 599491 ,   Prinsep",Singapore,1964,  http://www.simge.edu.sg/epub/International/overseas.html,Yes,Yes,No,No,No,No
SINGAPORE INSTITUTE OF MANAGEMENT,BSc Business,3 Year,SGD 37751,,"IELTS , TOEFL",Public,"461 Clementi Road Singapore 599491 ,   Prinsep",Singapore,1964,  http://www.simge.edu.sg/epub/International/overseas.html,Yes,Yes,No,No,No,No
SINGAPORE INSTITUTE OF MANAGEMENT,Bachelor of Science (Honours) in Information Sys...,3 Year,SGD 9900,,"IELTS , TOEFL",Public,"461 Clementi Road Singapore 599491 ,   Prinsep",Singapore,1964,  http://www.simge.edu.sg/epub/International/overseas.html,Yes,Yes,No,No,No,No
SINGAPORE INSTITUTE OF MANAGEMENT,Bachelor of Business in Marketing,3 Year,SGD 14124,,"IELTS , TOEFL",Public,"461 Clementi Road Singapore 599491 ,   Prinsep",Singapore,1964,  http://www.simge.edu.sg/epub/International/overseas.html,Yes,Yes,No,No,No,No
SINGAPORE INSTITUTE OF MANAGEMENT,Bachelor of Arts (Communication and Sociology),4 Year,SGD 18345,,"IELTS , TOEFL",Public,"461 Clementi Road Singapore 599491 ,   Prinsep",Singapore,1964,  http://www.simge.edu.sg/epub/International/overseas.html,Yes,Yes,No,No,No,No
SINGAPORE INSTITUTE OF MANAGEMENT,Bachelor of Arts (International Trade and Psycho...,4 Year,SGD 18345,,"IELTS , TOEFL",Public,"461 Clementi Road Singapore 599491 ,   Prinsep",Singapore,1964,  http://www.simge.edu.sg/epub/International/overseas.html,Yes,Yes,No,No,No,No
SINGAPORE INSTITUTE OF MANAGEMENT,Bachelor of Arts (Communication and Psychology),4 Year,SGD 18145,,"IELTS , TOEFL",Public,"461 Clementi Road Singapore 599491 ,   Prinsep",Singapore,1964,  http://www.simge.edu.sg/epub/International/overseas.html,Yes,Yes,No,No,No,No
SINGAPORE INSTITUTE OF MANAGEMENT,B.Sc in Business Administration,4 Year,RS 1056000,,,Public,"461 Clementi Road Singapore 599491 ,   Prinsep",Singapore,1964,  http://www.simge.edu.sg/epub/International/overseas.html,No,No,No,No,No,No
SINGAPORE INSTITUTE OF MANAGEMENT,Bachelor of Arts (Psychology and Sociology),4 Year,SGD 18345,,"IELTS , TOEFL",Public,"461 Clementi Road Singapore 599491 ,   Prinsep",Singapore,1964,  http://www.simge.edu.sg/epub/International/overseas.html,Yes,Yes,No,No,No,No
SINGAPORE INSTITUTE OF MANAGEMENT,N/A,N/A,N/A,N/A,N/A,Public,"461 Clementi Road Singapore 599491 ,   Prinsep",Singapore,1964,  http://www.simge.edu.sg/epub/International/overseas.html,No,No,No,No,No,No
SINGAPORE MANAGEMENT UNIVERSITY,Master in Business Administration (MBA),1 Year,SGD 63455,,,Public,"81 Victoria Street ,   Prinsep",Singapore,2000,  https://www.smu.edu.sg/,No,No,No,No,No,No
SINGAPORE MANAGEMENT UNIVERSITY,Master of Science in Financial Economics (MSFE),1 Year,SGD 36750,,,Public,"81 Victoria Street ,   Prinsep",Singapore,2000,  https://www.smu.edu.sg/,No,No,No,No,No,No
SINGAPORE MANAGEMENT UNIVERSITY,Master of IT in Business (Analytics),1 Year,SGD 45000,,,Public,"81 Victoria Street ,   Prinsep",Singapore,2000,  https://www.smu.edu.sg/,No,No,No,No,No,No
SINGAPORE MANAGEMENT UNIVERSITY,Master of Professional Accounting,1 Year,SGD 39590,,,Public,"81 Victoria Street ,   Prinsep",Singapore,2000,  https://www.smu.edu.sg/,No,No,No,No,No,No
SINGAPORE MANAGEMENT UNIVERSITY,Msc in Wealth Management,1 Year,SGD 64200,,,Public,"81 Victoria Street ,   Prinsep",Singapore,2000,  https://www.smu.edu.sg/,No,No,No,No,No,No
SINGAPORE MANAGEMENT UNIVERSITY,Master of Science in Innovation,1 Year,SGD 47636,,,Public,"81 Victoria Street ,   Prinsep",Singapore,2000,  https://www.smu.edu.sg/,No,No,No,No,No,No
SINGAPORE MANAGEMENT UNIVERSITY,Master of Science in Quantitative Finance,1 Year,SGD 41512,,,Public,"81 Victoria Street ,   Prinsep",Singapore,2000,  https://www.smu.edu.sg/,No,No,No,No,No,No
SINGAPORE MANAGEMENT UNIVERSITY,Executive MBA,1 Year,SGD 113924,,,Public,"81 Victoria Street ,   Prinsep",Singapore,2000,  https://www.smu.edu.sg/,No,No,No,No,No,No
SINGAPORE MANAGEMENT UNIVERSITY,Master of Science In Applied Finance,1 Year,SGD 41512,,,Public,"81 Victoria Street ,   Prinsep",Singapore,2000,  https://www.smu.edu.sg/,No,No,No,No,No,No
SINGAPORE MANAGEMENT UNIVERSITY,M.Sc. In Information Systems,1.5 Year,SGD 33966,,,Public,"81 Victoria Street ,   Prinsep",Singapore,2000,  https://www.smu.edu.sg/,No,No,No,No,No,No
SINGAPORE MANAGEMENT UNIVERSITY,Bachelor of Business Management,3 Year,SGD 36000,,,Public,"81 Victoria Street ,   Prinsep",Singapore,2000,  https://www.smu.edu.sg/,No,No,No,No,No,No
SINGAPORE MANAGEMENT UNIVERSITY,Bachelor of Science in Information Systems,4 Year,SGD 43380,,"IELTS , TOEFL",Public,"81 Victoria Street ,   Prinsep",Singapore,2000,  https://www.smu.edu.sg/,Yes,Yes,No,No,No,No
SINGAPORE MANAGEMENT UNIVERSITY,Bachelor of Business Management in Marketing,4 Year,SGD 43380,,"IELTS , TOEFL",Public,"81 Victoria Street ,   Prinsep",Singapore,2000,  https://www.smu.edu.sg/,Yes,Yes,No,No,No,No
SINGAPORE MANAGEMENT UNIVERSITY,Bachelor of Law (LL.B),4 Year,SGD 24800,,"IELTS , TOEFL",Public,"81 Victoria Street ,   Prinsep",Singapore,2000,  https://www.smu.edu.sg/,Yes,Yes,No,No,No,No
SINGAPORE MANAGEMENT UNIVERSITY,Bachelor of Social Science,4 Year,SGD 43380,,"IELTS , TOEFL",Public,"81 Victoria Street ,   Prinsep",Singapore,2000,  https://www.smu.edu.sg/,Yes,Yes,No,No,No,No
SINGAPORE MANAGEMENT UNIVERSITY,Bachelor of Accountancy,4 Year,SGD 43380,,"IELTS , TOEFL",Public,"81 Victoria Street ,   Prinsep",Singapore,2000,  https://www.smu.edu.sg/,Yes,Yes,No,No,No,No
SINGAPORE MANAGEMENT UNIVERSITY,Bsc in Economics,4 Year,SGD 43380,,"IELTS , TOEFL",Public,"81 Victoria Street ,   Prinsep",Singapore,2000,  https://www.smu.edu.sg/,Yes,Yes,No,No,No,No
SINGAPORE MANAGEMENT UNIVERSITY,Bachelor of Business Management (Organisational ...,4 Year,SGD 43380,,"IELTS , TOEFL",Public,"81 Victoria Street ,   Prinsep",Singapore,2000,  https://www.smu.edu.sg/,Yes,Yes,No,No,No,No
SINGAPORE MANAGEMENT UNIVERSITY,N/A,N/A,N/A,N/A,N/A,Public,"81 Victoria Street ,   Prinsep",Singapore,2000,  https://www.smu.edu.sg/,No,No,No,No,No,No
"SINGAPORE UNIVERSITY OF TECHNOLOGY AND DESIGN, SINGAPORE",B.E/B.Tech in Information System and Design,5 Year,SGD 27600,,,Public,"8 Somapah Rd, Singapore 487372 ,   Prinsep",Singapore,2009,  http://www.sutd.edu.sg/contactus.aspx,No,No,No,No,No,No
"SINGAPORE UNIVERSITY OF TECHNOLOGY AND DESIGN, SINGAPORE",Bachelor of Science with a major in Architecture...,5 Year,SGD 27600,,,Public,"8 Somapah Rd, Singapore 487372 ,   Prinsep",Singapore,2009,  http://www.sutd.edu.sg/contactus.aspx,No,No,No,No,No,No
"SINGAPORE UNIVERSITY OF TECHNOLOGY AND DESIGN, SINGAPORE",PhD program in Engineering Product Development,5 Year,SGD 39964,,TOEFL,Public,"8 Somapah Rd, Singapore 487372 ,   Prinsep",Singapore,2009,  http://www.sutd.edu.sg/contactus.aspx,No,Yes,No,No,No,No
"SINGAPORE UNIVERSITY OF TECHNOLOGY AND DESIGN, SINGAPORE",PhD in Architecture and Sustainable Design (ASD),5 Year,SGD 39964,,TOEFL,Public,"8 Somapah Rd, Singapore 487372 ,   Prinsep",Singapore,2009,  http://www.sutd.edu.sg/contactus.aspx,No,Yes,No,No,No,No
"SINGAPORE UNIVERSITY OF TECHNOLOGY AND DESIGN, SINGAPORE",PhD Program in Engineering System and Design,5 Year,SGD 39964,,TOEFL,Public,"8 Somapah Rd, Singapore 487372 ,   Prinsep",Singapore,2009,  http://www.sutd.edu.sg/contactus.aspx,No,Yes,No,No,No,No
"SINGAPORE UNIVERSITY OF TECHNOLOGY AND DESIGN, SINGAPORE",Bachelor of Engineering in Engineering Product D...,5 Year,SGD 27600,,,Public,"8 Somapah Rd, Singapore 487372 ,   Prinsep",Singapore,2009,  http://www.sutd.edu.sg/contactus.aspx,No,No,No,No,No,No
"SINGAPORE UNIVERSITY OF TECHNOLOGY AND DESIGN, SINGAPORE",Bachelor of Engineering in Engineering Systems a...,5 Year,SGD 27600,,,Public,"8 Somapah Rd, Singapore 487372 ,   Prinsep",Singapore,2009,  http://www.sutd.edu.sg/contactus.aspx,No,No,No,No,No,No
"SINGAPORE UNIVERSITY OF TECHNOLOGY AND DESIGN, SINGAPORE",N/A,N/A,N/A,N/A,N/A,Public,"8 Somapah Rd, Singapore 487372 ,   Prinsep",Singapore,2009,  http://www.sutd.edu.sg/contactus.aspx,No,No,No,No,No,No
"TEMASEK POLYTECHNIC , SINGAPORE",Diploma in Business,3 Year,SGD 9600,,,Public,"21 Tampines Avenue 1 Singapore 529757 ,   Prinsep",Singapore,1990,  http://www.tp.edu.sg/about-tp/contact-us,No,No,No,No,No,No
"TEMASEK POLYTECHNIC , SINGAPORE",Diploma in Marketing,3 Year,SGD 9600,,,Public,"21 Tampines Avenue 1 Singapore 529757 ,   Prinsep",Singapore,1990,  http://www.tp.edu.sg/about-tp/contact-us,No,No,No,No,No,No
"TEMASEK POLYTECHNIC , SINGAPORE",Diploma in Accounting & Finance,3 Year,SGD 9600,,,Public,"21 Tampines Avenue 1 Singapore 529757 ,   Prinsep",Singapore,1990,  http://www.tp.edu.sg/about-tp/contact-us,No,No,No,No,No,No
"TEMASEK POLYTECHNIC , SINGAPORE",Diploma in computer engineering,3 Year,SGD 9600,,,Public,"21 Tampines Avenue 1 Singapore 529757 ,   Prinsep",Singapore,1990,  http://www.tp.edu.sg/about-tp/contact-us,No,No,No,No,No,No
"TEMASEK POLYTECHNIC , SINGAPORE",Diploma in Interior Architecture & Design,3 Year,SGD 9600,,,Public,"21 Tampines Avenue 1 Singapore 529757 ,   Prinsep",Singapore,1990,  http://www.tp.edu.sg/about-tp/contact-us,No,No,No,No,No,No
"TEMASEK POLYTECHNIC , SINGAPORE",Diploma in Electronic Engineering,3 Year,SGD 9600,,,Public,"21 Tampines Avenue 1 Singapore 529757 ,   Prinsep",Singapore,1990,  http://www.tp.edu.sg/about-tp/contact-us,No,No,No,No,No,No
"TEMASEK POLYTECHNIC , SINGAPORE",Diploma in Mechatronics,3 Year,SGD 9600,,,Public,"21 Tampines Avenue 1 Singapore 529757 ,   Prinsep",Singapore,1990,  http://www.tp.edu.sg/about-tp/contact-us,No,No,No,No,No,No
"TEMASEK POLYTECHNIC , SINGAPORE",N/A,N/A,N/A,N/A,N/A,Public,"21 Tampines Avenue 1 Singapore 529757 ,   Prinsep",Singapore,1990,  http://www.tp.edu.sg/about-tp/contact-us,No,No,No,No,No,No
"TEMPLE UNIVERSITY, SINGAPORE",Executive MBA,1.5 Year,RS 2698000,,,Public,"Temple University 30 Prinsep street,Singapore-188647 ,   Prinsep",Singapore,N/A,  https://www.temple.edu/,No,No,No,No,No,No
"TEMPLE UNIVERSITY, SINGAPORE",,10 Month,SGD 60000,,"IELTS , TOEFL",Public,"Temple University 30 Prinsep street,Singapore-188647 ,   Prinsep",Singapore,N/A,  https://www.temple.edu/,Yes,Yes,No,No,No,No
"TEMPLE UNIVERSITY, SINGAPORE",N/A,N/A,N/A,N/A,N/A,Public,"Temple University 30 Prinsep street,Singapore-188647 ,   Prinsep",Singapore,N/A,  https://www.temple.edu/,No,No,No,No,No,No
"TEMPLE UNIVERSITY, SINGAPORE",N/A,N/A,N/A,N/A,N/A,Public,"Temple University 30 Prinsep street,Singapore-188647 ,   Prinsep",Singapore,N/A,  https://www.temple.edu/,No,No,No,No,No,No
"TEMPLE UNIVERSITY, SINGAPORE",N/A,N/A,N/A,N/A,N/A,Public,"Temple University 30 Prinsep street,Singapore-188647 ,   Prinsep",Singapore,N/A,  https://www.temple.edu/,No,No,No,No,No,No
"UNIVERSITY OF CHICAGO BOOTH SCHOOL OF BUSINESS, ASIA CAMPUS",Executive Program For Strategic Growth And Marke...,2 Month,SGD 7100,,,Private,"University of Chicago Booth School of Business, Asia Campus , House of Tan Yeok Nee 101 Penang Road Singapore 238 466 ,   Prinsep",Singapore,2000,  http://www.chicagobooth.edu/about/campuses/asia,No,No,No,No,No,No
"UNIVERSITY OF CHICAGO BOOTH SCHOOL OF BUSINESS, ASIA CAMPUS",Accelerated Development Program,9 Month,SGD 25000,,,Private,"University of Chicago Booth School of Business, Asia Campus , House of Tan Yeok Nee 101 Penang Road Singapore 238 466 ,   Prinsep",Singapore,2000,  http://www.chicagobooth.edu/about/campuses/asia,No,No,No,No,No,No
"UNIVERSITY OF CHICAGO BOOTH SCHOOL OF BUSINESS, ASIA CAMPUS",N/A,N/A,N/A,N/A,N/A,Private,"University of Chicago Booth School of Business, Asia Campus , House of Tan Yeok Nee 101 Penang Road Singapore 238 466 ,   Prinsep",Singapore,2000,  http://www.chicagobooth.edu/about/campuses/asia,No,No,No,No,No,No
"UNIVERSITY OF NEVADA, LAS VEGAS SINGAPORE, SINGAPORE",Bachelor of Science in Hospitality Management,3 Year,SGD 24600,,"IELTS , TOEFL",Public,"University of Nevada, Las Vegas Singapore 100 Victoria Street National Library Building #11-02 Singapore 188064 ,   Prinsep",Singapore,2006,  http://www.unlv.edu.sg/contact,Yes,Yes,No,No,No,No
"UNIVERSITY OF NEVADA, LAS VEGAS SINGAPORE, SINGAPORE",N/A,N/A,N/A,N/A,N/A,Public,"University of Nevada, Las Vegas Singapore 100 Victoria Street National Library Building #11-02 Singapore 188064 ,   Prinsep",Singapore,2006,  http://www.unlv.edu.sg/contact,No,No,No,No,No,No
"UNIVERSITY OF NEVADA, LAS VEGAS SINGAPORE, SINGAPORE",N/A,N/A,N/A,N/A,N/A,Public,"University of Nevada, Las Vegas Singapore 100 Victoria Street National Library Building #11-02 Singapore 188064 ,   Prinsep",Singapore,2006,  http://www.unlv.edu.sg/contact,No,No,No,No,No,No
"UNIVERSITY OF NEVADA, LAS VEGAS SINGAPORE, SINGAPORE",N/A,N/A,N/A,N/A,N/A,Public,"University of Nevada, Las Vegas Singapore 100 Victoria Street National Library Building #11-02 Singapore 188064 ,   Prinsep",Singapore,2006,  http://www.unlv.edu.sg/contact,No,No,No,No,No,No
"YALE-NUS COLLEGE, SINGAPORE",Master in Business Administration (MBA),3 Year,SGD 39590,,,Private,"16 College Ave East, #B1-01, Singapore 138614 ,   Prinsep",Singapore,2011,  http://www.yale-nus.edu.sg/admissions/contact-us-2/,No,No,No,No,No,No
"YALE-NUS COLLEGE, SINGAPORE",Bachelors in Economics,4 Year,SGD 39590,,"IELTS , TOEFL",Private,"16 College Ave East, #B1-01, Singapore 138614 ,   Prinsep",Singapore,2011,  http://www.yale-nus.edu.sg/admissions/contact-us-2/,Yes,Yes,No,No,No,No
"YALE-NUS COLLEGE, SINGAPORE",Bachelors in Literature,4 Year,SGD 39590,,"IELTS , TOEFL",Private,"16 College Ave East, #B1-01, Singapore 138614 ,   Prinsep",Singapore,2011,  http://www.yale-nus.edu.sg/admissions/contact-us-2/,Yes,Yes,No,No,No,No
"YALE-NUS COLLEGE, SINGAPORE",Bachelors in Psychology,4 Year,SGD 39590,,"IELTS , TOEFL",Private,"16 College Ave East, #B1-01, Singapore 138614 ,   Prinsep",Singapore,2011,  http://www.yale-nus.edu.sg/admissions/contact-us-2/,Yes,Yes,No,No,No,No
"YALE-NUS COLLEGE, SINGAPORE",Bachelors in Environmental Studies,4 Year,SGD 39590,,"IELTS , TOEFL",Private,"16 College Ave East, #B1-01, Singapore 138614 ,   Prinsep",Singapore,2011,  http://www.yale-nus.edu.sg/admissions/contact-us-2/,Yes,Yes,No,No,No,No
"YALE-NUS COLLEGE, SINGAPORE",Mathematical and Computational Sciences Major,4 Year,SGD 39590,,"IELTS , TOEFL",Private,"16 College Ave East, #B1-01, Singapore 138614 ,   Prinsep",Singapore,2011,  http://www.yale-nus.edu.sg/admissions/contact-us-2/,Yes,Yes,No,No,No,No
"YALE-NUS COLLEGE, SINGAPORE",N/A,N/A,N/A,N/A,N/A,Private,"16 College Ave East, #B1-01, Singapore 138614 ,   Prinsep",Singapore,2011,  http://www.yale-nus.edu.sg/admissions/contact-us-2/,No,No,No,No,No,No
